ID;date;species;simp_species;simp_confidence_index;confidence_index;success;manual_check
EB506;20151008;Nyclei;Nyclei;0.1;0.072;0;Pipkuh
HC10008;20150928;Pipkuh;Pipkuh;0.1;0.078;1;Pipkuh
HB5008;20151006;Barbar;Barbar;0.1;0.082;0;Interference
HC4007;20150917;Pipkuh;Pipkuh;0.1;0.082;0;Orthoptera
HC9007;20150927;Pipkuh;Pipkuh;0.1;0.084;0;Orthoptera
HC7002;20150917;Pleaur;Plesp;0.1;0.086;0;Orthoptera
HC9002;20150917;Pipkuh;Pipkuh;0.1;0.086;0;Pippip
HB10001;20150918;Myocap;Myosp;0.1;0.088;0;Orthoptera
HC6003;20150918;Myocap;Myosp;0.1;0.088;0;Orthoptera
HC4006;20150918;Myocap;Myosp;0.1;0.088;0;Orthoptera
HC5005;20150927;Barbar;Barbar;0.1;0.088;0;Myosp
HC3004;20150917;Pleaus;Plesp;0.1;0.088;0;Orthoptera
TEA251;20150921;Pipkuh;Pipkuh;0.1;0.09;0;Eptser
HB3005;20150930;Myonat;Myosp;0.1;0.09;0;Orthoptera
HB257;20151008;Myonat;Myosp;0.1;0.09;0;Pipkuh
HC4006;20150918;Pipkuh;Pipkuh;0.1;0.092;0;Orthoptera
HB3004;20150919;Pleaus;Plesp;0.1;0.092;0;Orthoptera
HB6004;20150919;Pippip;Pippip;0.1;0.092;0;Orthoptera
HB505;20150924;Pipkuh;Pipkuh;0.1;0.094;0;Barbar
HB6008;20151009;Myodau;Myosp;0.1;0.094;0;Orthoptera
HB7003;20150924;Myoema;Myosp;0.1;0.094;0;Orthoptera
HC1008;20150926;Pleaus;Plesp;0.1;0.094;1;Plesp
HC4004;20150916;Eptser;Eptser;0.1;0.094;0;Orthoptera
HC7002;20150917;Myonat;Myosp;0.1;0.096;0;Barbar
TEA251;20150921;Pipkuh;Pipkuh;0.1;0.096;0;Eptser
HC502;20150918;Myonat;Myosp;0.1;0.096;0;Orthoptera
HB503;20150919;Nyclei;Nyclei;0.1;0.096;0;Orthoptera
EB502;20150919;Pipkuh;Pipkuh;0.1;0.096;0;Orthoptera
HC10005;20150927;Myonat;Myosp;0.1;0.096;0;Interference
HC3003;20150914;Myocap;Myosp;0.1;0.096;0;Pippip
HB10007;20151008;Myoema;Myosp;0.1;0.096;0;Pippip
HC3006;20150917;Pipkuh;Pipkuh;0.1;0.098;0;Orthoptera
EB502;20150918;Pleaus;Plesp;0.1;0.098;0;Orthoptera
HA5001;20150921;Nyclei;Nyclei;0.1;0.098;1;Nyclei
HB7003;20150923;Myodau;Myosp;0.1;0.098;0;Pippip
HB3006;20151001;Myodau;Myosp;0.1;0.098;0;Plesp
HC1006;20150917;Pleaus;Plesp;0.1;0.098;1;Plesp
TEB254;20150923;Pleaus;Plesp;0.1;0.098;1;Plesp
HB6004;20150919;Myonat;Myosp;0.1;0.1;0;Barbar
HB6003;20150913;Barbar;Barbar;0.1;0.1;0;Orthoptera
HC8006;20150927;Myocap;Myosp;0.1;0.1;0;Orthoptera
HC40010;20150928;Myonat;Myosp;0.1;0.1;0;Orthoptera
HB8004;20150929;Myonat;Myosp;0.1;0.1;1;Myosp
HB10001;20150919;Pleaus;Plesp;0.1;0.1;0;Interference
HC5005;20150926;Myodau;Myosp;0.1;0.1;0;Pippip
HC10008;20150929;Pipkuh;Pipkuh;0.1;0.1;0;Pippip
TEA251;20150922;Pipkuh;Pipkuh;0.1;0.1;0;Pippip
HC8006;20150927;Pippip;Pippip;0.1;0.1;1;Pippip
HC6003;20150918;Myonat;Myosp;0.1;0.1;0;Orthoptera
HC9007;20150927;Nycnoc;Nycnoc;0.2;0.102;0;Pippip
HB5004;20150924;Eptser;Eptser;0.2;0.104;0;Orthoptera
HB6004;20150919;Barbar;Barbar;0.2;0.106;1;Barbar
HC9005;20150925;Myonat;Myosp;0.2;0.106;0;Orthoptera
HB506;20150930;Myocap;Myosp;0.2;0.108;0;Barbar
HA5001;20150922;Nycnoc;Nycnoc;0.2;0.108;0;Orthoptera
HC10009;20151005;Barbar;Barbar;0.2;0.108;0;Orthoptera
HB2007;20151001;Barbar;Barbar;0.2;0.112;1;Barbar
HB6007;20151005;Pleaus;Plesp;0.2;0.114;0;Orthoptera
TEB253;20150918;Myoema;Myosp;0.2;0.114;1;Myosp
HC8006;20150927;Pippip;Pippip;0.2;0.114;1;Pippip
HC9005;20150925;Pippip;Pippip;0.2;0.114;1;Pippip
HC4004;20150917;Pipnat;Pipnat;0.2;0.116;0;Orthoptera
HC7004;20150913;Myonat;Myosp;0.2;0.116;1;Myosp
EB259;20151008;Myonat;Myosp;0.2;0.116;0;Pipkuh
HC1004;20150914;Pipkuh;Pipkuh;0.2;0.116;1;Pipkuh
HB7003;20150923;Nyclei;Nyclei;0.2;0.116;0;Pippip
HC4002;20150914;Nycnoc;Nycnoc;0.2;0.118;0;Orthoptera
HC505;20150926;Pipkuh;Pipkuh;0.2;0.118;1;Pipkuh
HB10007;20151008;Pippip;Pippip;0.2;0.12;1;Pippip
HC1004;20150914;Pipkuh;Pipkuh;0.2;0.122;1;Pipkuh
HA10002;20150922;Pippip;Pippip;0.2;0.122;1;Pippip
TEC2006;20150928;Pippip;Pippip;0.2;0.122;1;Pippip
HB6008;20151009;Pippip;Pippip;0.2;0.122;1;Pippip
HB257;20151009;Pippip;Pippip;0.2;0.122;1;Pippip
HC3006;20150916;Eptser;Eptser;0.2;0.122;0;Orthoptera
HB4008;20151008;Pleaus;Plesp;0.2;0.122;0;Orthoptera
HC7002;20150917;Barbar;Barbar;0.2;0.124;1;Barbar
HC10005;20150927;Eptser;Eptser;0.2;0.124;0;Orthoptera
HB10001;20150918;Nycnoc;Nycnoc;0.2;0.124;0;Orthoptera
HA6002;20150922;Barbar;Barbar;0.2;0.126;1;Barbar
HB256;20151009;Myodau;Myosp;0.2;0.126;1;Myosp
HB1004;20150924;Pippip;Pippip;0.2;0.126;1;Pippip
HB7005;20150930;Nyclei;Nyclei;0.2;0.128;0;Orthoptera
HA5001;20150922;Nyclei;Nyclei;0.2;0.128;1;Nyclei
EB259;20151008;Pleaur;Plesp;0.2;0.128;0;Pipkuh
HC9007;20150928;Pleaus;Plesp;0.2;0.13;0;Barbar
HB505;20150923;Pippip;Pippip;0.2;0.13;0;Interference
TEB257;20151002;Pleaus;Plesp;0.2;0.132;0;Barbar
HC10004;20150927;Myonat;Myosp;0.2;0.132;1;Myosp
HC10007;20150927;MyoGT;Myosp;0.2;0.132;0;Pipkuh
HC506;20150928;Pippip;Pippip;0.2;0.132;1;Pippip
HC3008;20150925;Pleaus;Plesp;0.2;0.132;1;Plesp
HC4009;20150925;Eptser;Eptser;0.2;0.134;1;Eptser
HA5001;20150922;Nyclei;Nyclei;0.2;0.134;1;Nyclei
HB6004;20150918;Pipkuh;Pipkuh;0.2;0.134;1;Pipkuh
HC10004;20150926;Barbar;Barbar;0.2;0.136;1;Barbar
TEA251;20150921;Eptser;Eptser;0.2;0.136;1;Eptser
HC9002;20150916;Pleaus;Plesp;0.2;0.136;0;Orthoptera
HB509;20151005;Eptser;Eptser;0.2;0.136;0;Pipkuh
HB3005;20150929;Pipkuh;Pipkuh;0.2;0.136;1;Pipkuh
HA7001;20150922;Pipkuh;Pipkuh;0.2;0.136;1;Pipkuh
HB4008;20151008;Eptser;Eptser;0.2;0.138;0;Myosp
HC5007;20151005;Nyclei;Nyclei;0.2;0.138;0;Pippip
HB504;20150918;Myocap;Myosp;0.2;0.14;1;Myosp
HC506;20150928;Barbar;Barbar;0.2;0.142;1;Barbar
HB7004;20150929;Pleaus;Plesp;0.2;0.142;0;Barbar
HA6002;20150922;Pippip;Pippip;0.2;0.142;1;Pippip
HC5003;20150917;Nycnoc;Nycnoc;0.2;0.144;0;Orthoptera
HC10009;20151004;Myonat;Myosp;0.2;0.144;0;Orthoptera
HB3004;20150918;MyoGT;Myosp;0.2;0.144;0;Pippip
HB5004;20150923;Pipkuh;Pipkuh;0.2;0.144;0;Pippip
HC4002;20150914;Pleaus;Plesp;0.2;0.144;1;Plesp
HB9005;20151001;Eptser;Eptser;0.2;0.146;1;Eptser
HC4009;20150925;Pleaus;Plesp;0.2;0.146;0;Eptser
HC6003;20150918;Nycnoc;Nycnoc;0.2;0.146;0;Orthoptera
HB9005;20151001;Eptser;Eptser;0.2;0.148;1;Eptser
HB10004;20151001;Pleaus;Plesp;0.2;0.148;0;Orthoptera
HC2005;20150917;Eptser;Eptser;0.2;0.148;0;Plesp
HC6006;20150929;Pleaus;Plesp;0.2;0.15;0;Barbar
HC3002;20150914;Pipkuh;Pipkuh;0.2;0.15;1;Pipkuh
HC8005;20150925;Pipkuh;Pipkuh;0.2;0.15;1;Pipkuh
TEC3002;20150925;Pippip;Pippip;0.2;0.15;1;Pippip
HC8004;20150924;Pippip;Pippip;0.2;0.15;1;Pippip
HC10001;20150925;Pippip;Pippip;0.2;0.152;0;Myosp
HB4007;20151006;Barbar;Barbar;0.2;0.152;0;Interference
HC40010;20150928;Pipnat;Pipnat;0.2;0.152;0;Pipkuh
HC8003;20150925;Pleaur;Plesp;0.2;0.152;1;Plesp
HB505;20150923;Pleaus;Plesp;0.2;0.154;0;Barbar
HB504;20150918;Myonat;Myosp;0.2;0.154;1;Myosp
HA5001;20150922;Nyclei;Nyclei;0.2;0.154;1;Nyclei
HC5003;20150917;Nyclei;Nyclei;0.2;0.154;1;Nyclei
HC7005;20150924;Nyclei;Nyclei;0.2;0.154;1;Nyclei
HB4008;20151008;Pipnat;Pipnat;0.2;0.154;1;Pipnat
HC6006;20150928;Pleaus;Plesp;0.2;0.154;0;Pippip
HB7007;20151009;Myoema;Myosp;0.2;0.156;1;Myosp
HC7002;20150916;Nyclei;Nyclei;0.2;0.156;0;Orthoptera
HC8008;20151004;Pipkuh;Pipkuh;0.2;0.158;0;Barbar
TEA251;20150921;Eptser;Eptser;0.2;0.158;1;Eptser
HC7002;20150916;Nycnoc;Nycnoc;0.2;0.158;0;Orthoptera
HB4008;20151008;Pleaur;Plesp;0.2;0.158;0;Pippip
HB503;20150918;Nycnoc;Nycnoc;0.2;0.158;0;Orthoptera
HC502;20150918;Nyclei;Nyclei;0.2;0.16;1;Nyclei
HC7003;20150916;Pipnat;Pipnat;0.2;0.16;0;Pipkuh
HC10008;20150928;Pippip;Pippip;0.2;0.16;1;Pippip
HC8004;20150924;Pippip;Pippip;0.2;0.16;1;Pippip
TEB254;20150923;Pleaus;Plesp;0.2;0.16;1;Plesp
HB9004;20151001;Barbar;Barbar;0.2;0.162;1;Barbar
HC10002;20150925;Barbar;Barbar;0.2;0.162;1;Barbar
HC7007;20150928;Nycnoc;Nycnoc;0.2;0.162;0;Orthoptera
HB4004;20150929;Pippip;Pippip;0.2;0.162;1;Pippip
HA5001;20150922;Nyclei;Nyclei;0.2;0.164;0;Orthoptera
TEC252;20150924;Eptser;Eptser;0.2;0.164;0;Orthoptera
HB503;20150919;Nycnoc;Nycnoc;0.2;0.164;0;Orthoptera
HC5003;20150916;Nycnoc;Nycnoc;0.2;0.164;0;Orthoptera
TEC2006;20150929;Nyclei;Nyclei;0.2;0.164;0;Interference
TEB253;20150918;Nycnoc;Nycnoc;0.2;0.164;0;Orthoptera
HB10001;20150918;Nyclei;Nyclei;0.2;0.164;0;Orthoptera
HB10001;20150918;Nycnoc;Nycnoc;0.2;0.164;0;Orthoptera
HB6004;20150918;Myoema;Myosp;0.2;0.164;0;Pipkuh
HB4007;20151005;Nycnoc;Nycnoc;0.2;0.164;0;Pippip
HC7002;20150916;Barbar;Barbar;0.2;0.164;0;Orthoptera
HC10009;20151004;Barbar;Barbar;0.2;0.166;1;Barbar
HB504;20150919;Barbar;Barbar;0.2;0.166;1;Barbar
HC9002;20150916;Nycnoc;Nycnoc;0.2;0.166;0;Orthoptera
HA5001;20150921;Pleaus;Plesp;0.2;0.166;0;Eptser
HC3007;20150914;Pipkuh;Pipkuh;0.2;0.166;0;Myosp
HA8001;20150922;Pleaus;Plesp;0.2;0.166;1;Plesp
TEB254;20150924;Barbar;Barbar;0.2;0.168;0;Interference
HB5004;20150924;Barbar;Barbar;0.2;0.168;0;Interference
HC2006;20150917;Eptser;Eptser;0.2;0.168;0;Interference
HB3004;20150918;Pleaus;Plesp;0.2;0.168;0;Interference
HC509;20151005;Pipnat;Pipnat;0.2;0.168;0;Pippip
TEC3005;20150928;Eptser;Eptser;0.2;0.17;1;Eptser
HB6007;20151005;Pipkuh;Pipkuh;0.2;0.17;1;Pipkuh
HB6004;20150918;Pipkuh;Pipkuh;0.2;0.17;1;Pipkuh
HC2005;20150916;Pipkuh;Pipkuh;0.2;0.17;1;Pipkuh
HB7003;20150923;Nycnoc;Nycnoc;0.2;0.17;0;Pippip
HB3008;20151008;Pipkuh;Pipkuh;0.2;0.17;0;Pippip
HC4009;20150926;Pleaus;Plesp;0.2;0.17;1;Plesp
HA5001;20150921;Pleaus;Plesp;0.2;0.17;1;Plesp
HC8002;20150918;Barbar;Barbar;0.2;0.172;1;Barbar
HA10001;20150921;Eptser;Eptser;0.2;0.172;0;Orthoptera
HC9007;20150927;Pleaus;Plesp;0.2;0.172;0;Orthoptera
EB1003;20150924;Pipkuh;Pipkuh;0.2;0.172;0;Orthoptera
HA5001;20150922;Eptser;Eptser;0.2;0.174;1;Eptser
HC8005;20150925;MyoGT;Myosp;0.2;0.174;0;Eptser
HB10001;20150918;Nyclei;Nyclei;0.2;0.174;0;Orthoptera
HC1004;20150914;Pipkuh;Pipkuh;0.2;0.174;1;Pipkuh
EB506;20151008;Pipnat;Pipnat;0.2;0.174;0;Pipkuh
HC7003;20150916;Pippip;Pippip;0.2;0.174;1;Pippip
HC3008;20150926;Nyclei;Nyclei;0.2;0.174;0;Plesp
HC10008;20150929;Pleaus;Plesp;0.2;0.174;1;Plesp
TEA251;20150921;Eptser;Eptser;0.2;0.176;1;Eptser
HA8001;20150921;Pipkuh;Pipkuh;0.2;0.176;0;Orthoptera
HC4004;20150917;Pipkuh;Pipkuh;0.2;0.176;0;Interference
HC8007;20150928;Pippip;Pippip;0.2;0.176;1;Pippip
HB5004;20150924;Pleaus;Plesp;0.2;0.178;0;Barbar
HC10010;20151005;Pipkuh;Pipkuh;0.2;0.178;0;Orthoptera
EB502;20150918;Pipkuh;Pipkuh;0.2;0.178;0;Orthoptera
HB10001;20150919;Nyclei;Nyclei;0.2;0.178;0;Orthoptera
HB2006;20150929;Nyclei;Nyclei;0.2;0.178;0;Pipkuh
HC1004;20150913;Pipkuh;Pipkuh;0.2;0.178;1;Pipkuh
HB257;20151008;Myoema;Myosp;0.2;0.178;0;Pippip
HA8001;20150921;Pippip;Pippip;0.2;0.178;1;Pippip
HB3004;20150919;Pleaus;Plesp;0.2;0.18;0;Orthoptera
HC9007;20150927;Eptser;Eptser;0.2;0.18;0;Interference
HB7002;20150924;Pipnat;Pipnat;0.2;0.18;0;Pipkuh
HB6007;20151005;Nycnoc;Nycnoc;0.2;0.18;0;Pippip
HA7001;20150921;Pleaus;Plesp;0.2;0.18;1;Plesp
HB509;20151005;Eptser;Eptser;0.2;0.182;0;Pipkuh
HC8006;20150927;Pipkuh;Pipkuh;0.2;0.182;1;Pipkuh
HC8005;20150925;Pipkuh;Pipkuh;0.2;0.182;1;Pipkuh
HA5001;20150921;Pipnat;Pipnat;0.2;0.182;0;Pipkuh
HC9008;20150928;MyoGT;Myosp;0.2;0.182;0;Pippip
HC10001;20150924;Pippip;Pippip;0.2;0.182;1;Pippip
HA5002;20150922;Barbar;Barbar;0.2;0.184;1;Barbar
HC8002;20150918;Barbar;Barbar;0.2;0.184;1;Barbar
HC10009;20151004;Eptser;Eptser;0.2;0.184;0;Orthoptera
HA6002;20150922;Nyclei;Nyclei;0.2;0.184;0;Orthoptera
HB256;20151009;Pipnat;Pipnat;0.2;0.184;0;bird
HB6006;20151002;Pipnat;Pipnat;0.2;0.184;0;Pipkuh
HB509;20151005;Pleaur;Plesp;0.2;0.184;0;Pipkuh
HC509;20151005;Pipkuh;Pipkuh;0.2;0.184;0;Pippip
HC8006;20150927;Pleaur;Plesp;0.2;0.184;1;Plesp
HB9004;20151001;Barbar;Barbar;0.2;0.186;1;Barbar
HB3005;20150929;Barbar;Barbar;0.2;0.186;1;Barbar
HB509;20151005;Myonat;Myosp;0.2;0.186;0;Pipkuh
TEA251;20150921;Eptser;Eptser;0.2;0.188;1;Eptser
HB10007;20151008;Eptser;Eptser;0.2;0.188;1;Eptser
HA5001;20150922;Nyclei;Nyclei;0.2;0.188;1;Nyclei
HB4007;20151006;Nycnoc;Nycnoc;0.2;0.188;0;Pippip
HB7004;20150929;Barbar;Barbar;0.2;0.19;1;Barbar
HB10001;20150919;Nyclei;Nyclei;0.2;0.19;0;Orthoptera
TEB254;20150923;Pleaus;Plesp;0.2;0.19;1;Plesp
HB10001;20150918;Barbar;Barbar;0.2;0.192;1;Barbar
HB10003;20150930;Nyclei;Nyclei;0.2;0.192;0;Interference
HC4003;20150917;Rhihip;Rhihip;0.2;0.192;0;Interference
HC40010;20150928;Pipnat;Pipnat;0.2;0.192;0;Pipkuh
HC10008;20150929;Pippip;Pippip;0.2;0.192;1;Pippip
HC10008;20150929;Pippip;Pippip;0.2;0.192;1;Pippip
HB10005;20151001;Barbar;Barbar;0.2;0.194;1;Barbar
TEB254;20150923;Barbar;Barbar;0.2;0.194;1;Barbar
TEA251;20150921;Eptser;Eptser;0.2;0.194;1;Eptser
HC1004;20150914;Myodau;Myosp;0.2;0.194;1;Myosp
HA5002;20150922;Nyclei;Nyclei;0.2;0.194;1;Nyclei
HB7002;20150924;Pipnat;Pipnat;0.2;0.194;0;Interference
HC509;20151005;Eptser;Eptser;0.2;0.194;0;Pipkuh
HC8006;20150927;Pippip;Pippip;0.2;0.194;1;Pippip
HB3008;20151008;Pippip;Pippip;0.2;0.194;1;Pippip
HC4004;20150916;Myonat;Myosp;0.2;0.194;0;Orthoptera
HC9007;20150927;Myodau;Myosp;0.2;0.196;0;Orthoptera
HC4009;20150925;Myonat;Myosp;0.2;0.196;1;Myosp
HB7004;20150929;Nycnoc;Nycnoc;0.2;0.196;0;Interference
HB4005;20151001;Nycnoc;Nycnoc;0.2;0.196;0;Pippip
HB4007;20151005;Nycnoc;Nycnoc;0.2;0.196;0;Pippip
TEA251;20150921;Eptser;Eptser;0.2;0.198;1;Eptser
TEB257;20151001;Myocap;Myosp;0.2;0.198;1;Myosp
HA5001;20150922;Nyclei;Nyclei;0.2;0.198;1;Nyclei
HC5003;20150916;Nycnoc;Nycnoc;0.2;0.198;0;Orthoptera
HB6004;20150919;Myoema;Myosp;0.2;0.198;0;Pippip
HC10001;20150924;Nycnoc;Nycnoc;0.2;0.198;0;Pippip
HC7005;20150924;Nyclei;Nyclei;0.2;0.198;0;Orthoptera
HB506;20150930;Barbar;Barbar;0.2;0.2;1;Barbar
HB7007;20151009;Myodau;Myosp;0.2;0.2;1;Myosp
HC5003;20150916;Nycnoc;Nycnoc;0.2;0.2;0;Orthoptera
HC3004;20150917;Nyclei;Nyclei;0.2;0.2;0;Orthoptera
HB5008;20151006;Nycnoc;Nycnoc;0.2;0.2;0;Pippip
HB3004;20150919;Nycnoc;Nycnoc;0.3;0.202;0;Orthoptera
HB10005;20151001;Myodau;Myosp;0.3;0.202;1;Myosp
HC6003;20150917;Nycnoc;Nycnoc;0.3;0.202;0;Orthoptera
HC7005;20150924;Nyclei;Nyclei;0.3;0.202;0;Orthoptera
HC10007;20150927;Pleaus;Plesp;0.3;0.202;1;Plesp
HA8002;20150922;Barbar;Barbar;0.3;0.204;1;Barbar
TEB253;20150919;Barbar;Barbar;0.3;0.204;1;Barbar
HC1008;20150925;Pipnat;Pipnat;0.3;0.204;0;Interference
HC5003;20150917;Nycnoc;Nycnoc;0.3;0.204;0;Orthoptera
HC503;20150925;Nyclei;Nyclei;0.3;0.204;0;Orthoptera
HC6003;20150917;Pipnat;Pipnat;0.3;0.204;0;Pipkuh
EB502;20150918;Pleaus;Plesp;0.3;0.204;1;Plesp
HC501;20150917;MyoGT;Myosp;0.3;0.206;1;Myosp
HC10008;20150929;Pippip;Pippip;0.3;0.206;1;Pippip
TEB253;20150919;Barbar;Barbar;0.3;0.208;1;Barbar
HB10003;20150929;Eptser;Eptser;0.3;0.208;1;Eptser
HB10001;20150918;Nycnoc;Nycnoc;0.3;0.208;0;Orthoptera
HC8006;20150927;Eptser;Eptser;0.3;0.208;0;Pipkuh
HB10007;20151008;Pipkuh;Pipkuh;0.3;0.208;1;Pipkuh
HB10007;20151008;Pipnat;Pipnat;0.3;0.208;0;Pipkuh
HB6008;20151009;Pippip;Pippip;0.3;0.208;1;Pippip
HB3006;20151001;Nyclei;Nyclei;0.3;0.21;0;Orthoptera
HC10007;20150927;Eptser;Eptser;0.3;0.21;0;Plesp
TEA251;20150921;Pipkuh;Pipkuh;0.3;0.212;0;Eptser
HB505;20150924;Pleaus;Plesp;0.3;0.212;1;Plesp
HB4007;20151005;Nycnoc;Nycnoc;0.3;0.214;0;Pippip
HC1004;20150913;Pipkuh;Pipkuh;0.3;0.216;1;Pipkuh
TEA251;20150922;Pleaus;Plesp;0.3;0.216;0;Pippip
HC9007;20150927;Pleaus;Plesp;0.3;0.216;0;Pippip
HB6007;20151005;Barbar;Barbar;0.3;0.218;1;Barbar
HC9002;20150916;Nyclei;Nyclei;0.3;0.218;0;Orthoptera
HB10001;20150919;Nyclei;Nyclei;0.3;0.218;0;Orthoptera
HB4007;20151006;Nycnoc;Nycnoc;0.3;0.218;0;Pippip
HC9002;20150917;Pipkuh;Pipkuh;0.3;0.22;0;Barbar
HC506;20150928;Pipkuh;Pipkuh;0.3;0.22;0;Barbar
HC9002;20150916;Nyclei;Nyclei;0.3;0.22;0;Orthoptera
HC7003;20150917;Barbar;Barbar;0.3;0.22;0;Interference
HC7003;20150917;Myodau;Myosp;0.3;0.22;0;Interference
HC5003;20150916;Nycnoc;Nycnoc;0.3;0.22;0;Orthoptera
HC8003;20150924;Pipnat;Pipnat;0.3;0.22;0;Pipkuh
HC8003;20150924;Pleaus;Plesp;0.3;0.22;1;Plesp
HB10004;20150930;Eptser;Eptser;0.3;0.222;0;Barbar
HB6005;20150924;Pipnat;Pipnat;0.3;0.222;0;Orthoptera
HB4004;20150929;Myodau;Myosp;0.3;0.222;1;Myosp
HC251;20150924;Pipnat;Pipnat;0.3;0.222;0;Pipkuh
HC10005;20150926;Barbar;Barbar;0.3;0.224;1;Barbar
HC4004;20150917;Pipkuh;Pipkuh;0.3;0.224;0;Orthoptera
HB4008;20151008;Pipnat;Pipnat;0.3;0.224;1;Pipnat
HB4007;20151005;Nycnoc;Nycnoc;0.3;0.224;0;Pippip
HB10007;20151009;Myoema;Myosp;0.3;0.226;1;Myosp
TEA251;20150921;Nyclei;Nyclei;0.3;0.226;1;Nyclei
HA5002;20150922;Nyclei;Nyclei;0.3;0.226;1;Nyclei
EC1006;20150913;Nyclei;Nyclei;0.3;0.226;1;Nyclei
HB8005;20151001;Pleaus;Plesp;0.3;0.226;1;Plesp
HC3003;20150914;Eptser;Eptser;0.3;0.228;0;Myosp
HC3002;20150914;Myocap;Myosp;0.3;0.23;0;Barbar
HB6008;20151008;Myocap;Myosp;0.3;0.23;1;Myosp
HC8006;20150927;Pipkuh;Pipkuh;0.3;0.23;1;Pipkuh
HB6005;20150924;Pipnat;Pipnat;0.3;0.232;0;Interference
HB4008;20151008;Pipnat;Pipnat;0.3;0.232;1;Pipnat
HB9007;20151008;Pipnat;Pipnat;0.3;0.232;1;Pipnat
HB1004;20150924;Pippip;Pippip;0.3;0.232;1;Pippip
HC10004;20150926;Barbar;Barbar;0.3;0.236;1;Barbar
HB1007;20151001;Eptser;Eptser;0.3;0.236;1;Eptser
TEA251;20150921;Eptser;Eptser;0.3;0.236;1;Eptser
HC10001;20150924;Myoema;Myosp;0.3;0.236;1;Myosp
HB10001;20150918;Nyclei;Nyclei;0.3;0.236;0;Orthoptera
HC10006;20150927;Nycnoc;Nycnoc;0.3;0.236;0;Orthoptera
HC509;20151005;Pipnat;Pipnat;0.3;0.236;0;Pippip
HB7003;20150924;Pippip;Pippip;0.3;0.236;1;Pippip
HC2005;20150916;Pipkuh;Pipkuh;0.3;0.238;1;Pipkuh
HC10001;20150925;Nycnoc;Nycnoc;0.3;0.238;0;Pippip
HB1004;20150924;Pippip;Pippip;0.3;0.238;1;Pippip
HB6008;20151009;Myoema;Myosp;0.3;0.24;1;Myosp
HB4007;20151006;Nycnoc;Nycnoc;0.3;0.24;0;Pippip
TEB254;20150923;Pippip;Pippip;0.3;0.24;1;Pippip
HC3003;20150914;Myonat;Myosp;0.3;0.242;1;Myosp
EC1006;20150913;Myonat;Myosp;0.3;0.242;1;Myosp
HB10003;20150929;Nyclei;Nyclei;0.3;0.242;1;Nyclei
HC4009;20150925;Pleaur;Plesp;0.3;0.242;1;Plesp
HB9004;20151001;Pleaus;Plesp;0.3;0.242;1;Plesp
HB10001;20150919;Pleaus;Plesp;0.3;0.242;1;Plesp
HA5001;20150922;Eptser;Eptser;0.3;0.244;1;Eptser
HC6006;20150928;Pipnat;Pipnat;0.3;0.244;0;Pippip
TEC252;20150924;Pippip;Pippip;0.3;0.244;1;Pippip
HA5001;20150921;Pleaus;Plesp;0.3;0.244;1;Plesp
HC502;20150917;Barbar;Barbar;0.3;0.246;1;Barbar
EB506;20151008;Pleaus;Plesp;0.3;0.246;0;Barbar
HB10005;20151001;Eptser;Eptser;0.3;0.246;1;Eptser
HC2005;20150916;Nyclei;Nyclei;0.3;0.246;0;Orthoptera
HC2005;20150916;Myomys;Myosp;0.3;0.246;1;Myosp
HB6005;20150924;Pipnat;Pipnat;0.3;0.246;0;Interference
HC10005;20150927;Nyclei;Nyclei;0.3;0.246;0;Orthoptera
HC8005;20150925;Pipkuh;Pipkuh;0.3;0.246;1;Pipkuh
HC10001;20150924;Nycnoc;Nycnoc;0.3;0.246;0;Pippip
HC4002;20150914;Pleaus;Plesp;0.3;0.246;1;Plesp
HC509;20151004;Pipkuh;Pipkuh;0.3;0.248;1;Pipkuh
HC8005;20150926;Pipkuh;Pipkuh;0.3;0.248;1;Pipkuh
EB259;20151008;Pipnat;Pipnat;0.3;0.248;0;Pipkuh
TEB254;20150923;Pippip;Pippip;0.3;0.248;1;Pippip
TEA251;20150921;Eptser;Eptser;0.3;0.25;1;Eptser
HC4004;20150917;Pipkuh;Pipkuh;0.3;0.25;0;Orthoptera
TEC3005;20150928;Pipkuh;Pipkuh;0.3;0.25;1;Pipkuh
HC7003;20150917;Pleaus;Plesp;0.3;0.25;0;Pippip
HB6006;20151002;Barbar;Barbar;0.3;0.252;1;Barbar
HC7005;20150924;Myodau;Myosp;0.3;0.252;1;Myosp
HB3008;20151008;Pipkuh;Pipkuh;0.3;0.252;0;Myosp
HA5002;20150922;Nyclei;Nyclei;0.3;0.252;1;Nyclei
HC10001;20150924;Eptser;Eptser;0.3;0.254;1;Eptser
HC4002;20150914;Nyclei;Nyclei;0.3;0.254;1;Nyclei
HA8001;20150921;Pipkuh;Pipkuh;0.3;0.254;1;Pipkuh
HB503;20150918;Nycnoc;Nycnoc;0.3;0.254;0;Orthoptera
HB6004;20150919;Barbar;Barbar;0.3;0.256;1;Barbar
HC6003;20150918;Barbar;Barbar;0.3;0.256;1;Barbar
EB502;20150919;Eptser;Eptser;0.3;0.256;1;Eptser
HC8005;20150926;Myodau;Myosp;0.3;0.256;1;Myosp
HA10002;20150922;Myoema;Myosp;0.3;0.256;1;Myosp
HC5003;20150916;Nycnoc;Nycnoc;0.3;0.256;1;Nycnoc
HC1004;20150914;Pipkuh;Pipkuh;0.3;0.256;1;Pipkuh
HB4007;20151005;Nycnoc;Nycnoc;0.3;0.256;0;Pippip
TEA251;20150922;Pippip;Pippip;0.3;0.256;1;Pippip
HA8002;20150923;Pleaus;Plesp;0.3;0.256;1;Plesp
HC8002;20150918;Pleaus;Plesp;0.3;0.256;1;Plesp
HC5003;20150916;Nycnoc;Nycnoc;0.3;0.258;0;Orthoptera
EB259;20151008;Pipnat;Pipnat;0.3;0.258;0;Pipkuh
HB509;20151006;Pippip;Pippip;0.3;0.258;1;Pippip
TEA251;20150922;Pippip;Pippip;0.3;0.258;1;Pippip
HC9007;20150927;Pippip;Pippip;0.3;0.258;1;Pippip
HC503;20150926;Pleaus;Plesp;0.3;0.258;1;Plesp
HC4004;20150917;Pipkuh;Pipkuh;0.3;0.26;0;Orthoptera
EC1006;20150914;Pipkuh;Pipkuh;0.3;0.26;0;Myosp
HC6005;20150928;Pipnat;Pipnat;0.3;0.26;0;Pippip
HB3005;20150929;Barbar;Barbar;0.3;0.262;1;Barbar
EC253;20150927;Barbar;Barbar;0.3;0.262;1;Barbar
TEA251;20150921;Eptser;Eptser;0.3;0.262;1;Eptser
EA1001;20150922;Nycnoc;Nycnoc;0.3;0.262;0;Nyclei
HC6003;20150918;Nyclei;Nyclei;0.3;0.262;0;Interference
HB4007;20151005;Nycnoc;Nycnoc;0.3;0.262;0;Pippip
HC509;20151005;Pipnat;Pipnat;0.3;0.262;0;Pippip
HA5002;20150922;Pippip;Pippip;0.3;0.262;1;Pippip
HB509;20151006;Eptser;Eptser;0.3;0.264;0;Pipkuh
HB504;20150918;Barbar;Barbar;0.3;0.266;1;Barbar
HA8002;20150922;Myoalc;Myosp;0.3;0.266;1;Myosp
HC1004;20150914;Pipkuh;Pipkuh;0.3;0.266;1;Pipkuh
HB2006;20150929;Pipnat;Pipnat;0.3;0.268;0;Orthoptera
HB6008;20151009;Myoema;Myosp;0.3;0.268;1;Myosp
HB509;20151005;Eptser;Eptser;0.3;0.268;0;Pipkuh
HB6007;20151006;Nyclei;Nyclei;0.3;0.268;0;Pippip
HB4007;20151005;Nycnoc;Nycnoc;0.3;0.268;0;Pippip
HC9007;20150927;Pleaus;Plesp;0.3;0.268;0;Pippip
HB5004;20150923;Myodau;Myosp;0.3;0.27;0;Barbar
HC3003;20150913;Eptser;Eptser;0.3;0.27;1;Eptser
HB6008;20151009;Myodau;Myosp;0.3;0.27;1;Myosp
HC9005;20150925;Pippip;Pippip;0.3;0.27;1;Pippip
HB504;20150918;Barbar;Barbar;0.3;0.272;1;Barbar
HA5001;20150922;Nyclei;Nyclei;0.3;0.272;1;Nyclei
EB502;20150919;Pipkuh;Pipkuh;0.3;0.272;1;Pipkuh
HC1004;20150914;Pipkuh;Pipkuh;0.3;0.274;1;Pipkuh
HB4007;20151005;Nycnoc;Nycnoc;0.3;0.274;0;Pippip
HC509;20151005;Pipnat;Pipnat;0.3;0.274;0;Pippip
HA8001;20150921;Pippip;Pippip;0.3;0.274;1;Pippip
HC10004;20150927;Barbar;Barbar;0.3;0.276;1;Barbar
HB1008;20151008;Pleaus;Plesp;0.3;0.276;0;Barbar
HC10001;20150925;Pipnat;Pipnat;0.3;0.276;0;Pipkuh
HC8002;20150917;Nyclei;Nyclei;0.3;0.276;0;Plesp
HA6002;20150922;Barbar;Barbar;0.3;0.278;1;Barbar
HB10001;20150918;Nyclei;Nyclei;0.3;0.278;0;Orthoptera
HC509;20151005;Pipnat;Pipnat;0.3;0.278;0;Pippip
HB10004;20150930;Pippip;Pippip;0.3;0.278;1;Pippip
HB6006;20151001;Barbar;Barbar;0.3;0.28;1;Barbar
HB257;20151009;Barbar;Barbar;0.3;0.28;1;Barbar
HC10001;20150924;Eptser;Eptser;0.3;0.28;1;Eptser
HC8005;20150925;Myodau;Myosp;0.3;0.28;1;Myosp
HB4008;20151008;Pleaus;Plesp;0.3;0.28;0;Myosp
HC4002;20150914;Nyclei;Nyclei;0.3;0.28;1;Nyclei
HC9002;20150917;Pipkuh;Pipkuh;0.3;0.28;1;Pipkuh
HC509;20151005;Pippip;Pippip;0.3;0.28;1;Pippip
HC2007;20150918;Barbar;Barbar;0.3;0.282;1;Barbar
HC504;20150925;Pipkuh;Pipkuh;0.3;0.282;1;Pipkuh
HA8002;20150923;Barbar;Barbar;0.3;0.284;1;Barbar
TEA251;20150921;Eptser;Eptser;0.3;0.284;1;Eptser
HC8004;20150924;Eptser;Eptser;0.3;0.284;1;Eptser
HA5001;20150922;Nyclei;Nyclei;0.3;0.284;1;Nyclei
HC509;20151005;Eptser;Eptser;0.3;0.284;0;Pipkuh
HC5005;20150926;Pippip;Pippip;0.3;0.284;1;Pippip
HC10001;20150925;Pippip;Pippip;0.3;0.284;1;Pippip
HB6004;20150919;Myodau;Myosp;0.3;0.286;0;Barbar
TEA251;20150921;Eptser;Eptser;0.3;0.286;1;Eptser
TEA251;20150921;Eptser;Eptser;0.3;0.286;1;Eptser
HC1004;20150914;Myocap;Myosp;0.3;0.286;1;Myosp
HC8006;20150927;Pleaus;Plesp;0.3;0.286;0;Pipkuh
HC4003;20150916;Myonat;Myosp;0.3;0.286;0;Pippip
HA10002;20150922;Pippip;Pippip;0.3;0.286;1;Pippip
HC10004;20150927;Barbar;Barbar;0.3;0.288;1;Barbar
HC7002;20150917;Myodau;Myosp;0.3;0.288;0;Barbar
TEA251;20150921;Nyclei;Nyclei;0.3;0.288;0;Eptser
HB1008;20151008;Pipnat;Pipnat;0.3;0.288;1;Pipnat
HB4007;20151005;Nycnoc;Nycnoc;0.3;0.288;0;Pippip
TEC505;20150925;Pleaus;Plesp;0.3;0.288;1;Plesp
HC1004;20150914;Barbar;Barbar;0.3;0.29;1;Barbar
HA10002;20150922;Eptser;Eptser;0.3;0.29;1;Eptser
HC10001;20150924;Eptser;Eptser;0.3;0.29;1;Eptser
HC1004;20150914;Pipkuh;Pipkuh;0.3;0.29;1;Pipkuh
TEC252;20150924;Pipnat;Pipnat;0.3;0.29;0;Pippip
HB257;20151009;Pleaus;Plesp;0.3;0.29;1;Plesp
EB502;20150919;Nyclei;Nyclei;0.3;0.292;1;Nyclei
HB10007;20151009;Pipnat;Pipnat;0.3;0.292;1;Pipnat
HB10005;20151002;Pippip;Pippip;0.3;0.292;1;Pippip
HC3007;20150913;Pippip;Pippip;0.3;0.292;1;Pippip
TEB253;20150919;Barbar;Barbar;0.3;0.294;1;Barbar
TEA251;20150921;Eptser;Eptser;0.3;0.294;1;Eptser
HC502;20150917;Nyclei;Nyclei;0.3;0.294;1;Nyclei
TEB254;20150923;Pippip;Pippip;0.3;0.294;1;Pippip
HB509;20151005;Pleaus;Plesp;0.3;0.294;1;Plesp
HC9002;20150916;Nycnoc;Nycnoc;0.3;0.296;0;Orthoptera
HB6008;20151008;Nycnoc;Nycnoc;0.3;0.296;0;Orthoptera
HB3008;20151008;Pippip;Pippip;0.3;0.296;1;Pippip
HA10002;20150922;Pleaus;Plesp;0.3;0.296;1;Plesp
HC8002;20150917;Rhihip;Rhihip;0.3;0.298;0;Interference
HC509;20151005;Pipkuh;Pipkuh;0.3;0.298;1;Pipkuh
HB4007;20151005;Nycnoc;Nycnoc;0.3;0.298;0;Pippip
HC8006;20150927;Pippip;Pippip;0.3;0.298;1;Pippip
HC1006;20150918;Pleaus;Plesp;0.3;0.298;1;Plesp
HB7004;20150930;Barbar;Barbar;0.3;0.3;1;Barbar
TEB504;20151001;Myodau;Myosp;0.3;0.3;1;Myosp
HC2005;20150917;Nycnoc;Nycnoc;0.3;0.3;1;Nycnoc
HC509;20151005;Pipnat;Pipnat;0.3;0.3;0;Pippip
TEA251;20150921;Eptser;Eptser;0.4;0.302;1;Eptser
TEC3005;20150928;MyoGT;Myosp;0.4;0.302;0;Eptser
HB6008;20151008;Nyclei;Nyclei;0.4;0.302;0;Eptser
HB10003;20150929;Nyclei;Nyclei;0.4;0.302;0;Interference
TEB257;20151001;Pipkuh;Pipkuh;0.4;0.302;1;Pipkuh
HC509;20151005;Pipnat;Pipnat;0.4;0.302;0;Pippip
HA6002;20150922;Nyclei;Nyclei;0.4;0.304;1;Nyclei
HC4002;20150913;Nyclei;Nyclei;0.4;0.304;1;Nyclei
HC10001;20150924;Nyclei;Nyclei;0.4;0.304;0;Interference
HB1007;20151001;Pipkuh;Pipkuh;0.4;0.304;1;Pipkuh
HB4007;20151006;Nycnoc;Nycnoc;0.4;0.304;0;Pippip
HC8006;20150928;Barbar;Barbar;0.4;0.306;1;Barbar
HC10005;20150926;Myoema;Myosp;0.4;0.306;1;Myosp
HB6006;20151002;Nycnoc;Nycnoc;0.4;0.306;0;Interference
HB6007;20151005;Nycnoc;Nycnoc;0.4;0.308;0;Pippip
HC10006;20150928;Pippip;Pippip;0.4;0.308;1;Pippip
HC8008;20151005;Pleaus;Plesp;0.4;0.308;1;Plesp
HC3003;20150913;Nyclei;Nyclei;0.4;0.31;1;Nyclei
HC7007;20150929;Nyclei;Nyclei;0.4;0.31;1;Nyclei
HC3004;20150917;Nycnoc;Nycnoc;0.4;0.31;0;Orthoptera
HB256;20151008;Pipnat;Pipnat;0.4;0.31;0;Pipkuh
HA10001;20150922;Pipnat;Pipnat;0.4;0.31;1;Pipnat
HC8003;20150925;Pleaus;Plesp;0.4;0.31;1;Plesp
HB8005;20151002;Barbar;Barbar;0.4;0.314;1;Barbar
HB8004;20150930;Barbar;Barbar;0.4;0.314;1;Barbar
EB502;20150919;Nyclei;Nyclei;0.4;0.314;1;Nyclei
TEB255;20150929;Nyclei;Nyclei;0.4;0.314;0;Interference
HC8002;20150917;Rhihip;Rhihip;0.4;0.314;0;Interference
HB506;20150929;Barbar;Barbar;0.4;0.316;1;Barbar
HA8001;20150921;Eptser;Eptser;0.4;0.316;1;Eptser
HA8001;20150921;Eptser;Eptser;0.4;0.316;1;Eptser
HC8003;20150925;Myoema;Myosp;0.4;0.316;1;Myosp
HA6002;20150922;Pipkuh;Pipkuh;0.4;0.316;0;Myosp
HB509;20151005;Nycnoc;Nycnoc;0.4;0.316;0;Pippip
HA8002;20150922;Pleaus;Plesp;0.4;0.316;1;Plesp
HC6002;20150917;Myocap;Myosp;0.4;0.318;1;Myosp
HA5001;20150922;Nyclei;Nyclei;0.4;0.318;1;Nyclei
HB6007;20151005;Nycnoc;Nycnoc;0.4;0.318;0;Pippip
HC2007;20150918;Nycnoc;Nycnoc;0.4;0.32;0;Orthoptera
TEB254;20150924;Nyclei;Nyclei;0.4;0.32;0;Interference
HB4007;20151005;Nycnoc;Nycnoc;0.4;0.32;0;Pippip
HA5001;20150922;Pleaus;Plesp;0.4;0.32;1;Plesp
TEA251;20150921;Eptser;Eptser;0.4;0.322;1;Eptser
TEA251;20150921;Eptser;Eptser;0.4;0.322;1;Eptser
HB6008;20151009;Myonat;Myosp;0.4;0.322;1;Myosp
HC8006;20150927;Pipnat;Pipnat;0.4;0.322;0;Pipkuh
HC7002;20150917;Nycnoc;Nycnoc;0.4;0.322;0;Pippip
HB2007;20150930;Pleaus;Plesp;0.4;0.326;0;Eptser
TEB257;20151001;Myocap;Myosp;0.4;0.326;1;Myosp
HC3004;20150917;Nyclei;Nyclei;0.4;0.326;0;Orthoptera
HC3003;20150913;Pipkuh;Pipkuh;0.4;0.326;1;Pipkuh
HB9005;20151002;Barbar;Barbar;0.4;0.328;1;Barbar
HB10005;20151001;MyoGT;Myosp;0.4;0.328;1;Myosp
HC6003;20150918;Nyclei;Nyclei;0.4;0.328;0;Interference
HC8002;20150917;Rhihip;Rhihip;0.4;0.328;0;Interference
HB509;20151005;MyoGT;Myosp;0.4;0.328;0;Pipkuh
HB4007;20151006;Nycnoc;Nycnoc;0.4;0.328;0;Pippip
HB4007;20151005;Pleaus;Plesp;0.4;0.328;1;Plesp
HB6008;20151009;Nycnoc;Nycnoc;0.4;0.33;0;Orthoptera
HB7007;20151008;Pipkuh;Pipkuh;0.4;0.33;1;Pipkuh
HB256;20151008;Pipnat;Pipnat;0.4;0.33;1;Pipnat
HB9005;20151001;Eptser;Eptser;0.4;0.332;1;Eptser
TEA251;20150921;Eptser;Eptser;0.4;0.332;1;Eptser
HC3003;20150913;Eptser;Eptser;0.4;0.332;1;Eptser
EB258;20151008;Pleaus;Plesp;0.4;0.332;1;Plesp
HC10007;20150927;Pleaus;Plesp;0.4;0.332;1;Plesp
TEA251;20150921;Eptser;Eptser;0.4;0.334;1;Eptser
HB10005;20151001;Myonat;Myosp;0.4;0.334;1;Myosp
EB258;20151008;Pipkuh;Pipkuh;0.4;0.334;1;Pipkuh
HB4007;20151005;Nycnoc;Nycnoc;0.4;0.334;0;Pippip
HB4007;20151006;Nycnoc;Nycnoc;0.4;0.334;0;Pippip
HC509;20151005;Pipkuh;Pipkuh;0.4;0.334;0;Pippip
HC40010;20150928;Barbar;Barbar;0.4;0.336;1;Barbar
TEA251;20150921;Eptser;Eptser;0.4;0.336;1;Eptser
HC4002;20150913;Nyclei;Nyclei;0.4;0.336;1;Nyclei
HC8002;20150917;Rhihip;Rhihip;0.4;0.336;0;Interference
HC2005;20150917;Pipkuh;Pipkuh;0.4;0.336;1;Pipkuh
HC6006;20150928;Pippip;Pippip;0.4;0.336;1;Pippip
HB2006;20150929;Pleaus;Plesp;0.4;0.336;1;Plesp
HC8002;20150917;Pleaus;Plesp;0.4;0.336;1;Plesp
EA251;20150921;Myonat;Myosp;0.4;0.336;0;Orthoptera
HB1007;20151001;Barbar;Barbar;0.4;0.338;1;Barbar
HC10001;20150924;Eptser;Eptser;0.4;0.338;1;Eptser
HC509;20151005;Pipkuh;Pipkuh;0.4;0.338;1;Pipkuh
EC3005;20150929;Pipnat;Pipnat;0.4;0.338;0;Pipkuh
HC9007;20150927;Pipnat;Pipnat;0.4;0.338;0;Pipkuh
TEB259;20151008;Pipnat;Pipnat;0.4;0.338;1;Pipnat
HB257;20151009;Pleaus;Plesp;0.4;0.338;1;Plesp
HA8002;20150922;Nyclei;Nyclei;0.4;0.34;1;Nyclei
HC8005;20150925;Pipkuh;Pipkuh;0.4;0.34;1;Pipkuh
HC509;20151005;Pipnat;Pipnat;0.4;0.34;0;Pippip
HC2009;20150927;Pleaus;Plesp;0.4;0.34;1;Plesp
HC509;20151004;Pipkuh;Pipkuh;0.4;0.342;1;Pipkuh
HC8006;20150927;Pipkuh;Pipkuh;0.4;0.342;1;Pipkuh
HC6006;20150928;Pipnat;Pipnat;0.4;0.342;0;Pipkuh
HB10001;20150918;Nyclei;Nyclei;0.4;0.344;0;Orthoptera
HC7006;20150927;Pipnat;Pipnat;0.4;0.344;0;Pippip
HC509;20151005;Pipnat;Pipnat;0.4;0.344;0;Pippip
HA9001;20150922;Nyclei;Nyclei;0.4;0.344;0;Orthoptera
HC10007;20150928;Myodau;Myosp;0.4;0.346;0;Barbar
HB9005;20151001;Eptser;Eptser;0.4;0.346;1;Eptser
HC4002;20150913;Eptser;Eptser;0.4;0.346;1;Eptser
HA6002;20150922;Myonat;Myosp;0.4;0.346;0;Eptser
HB4008;20151008;Pippip;Pippip;0.4;0.346;0;Orthoptera
HB1007;20151001;Myonat;Myosp;0.4;0.346;1;Myosp
HB10003;20150929;Nyclei;Nyclei;0.4;0.346;0;Interference
HB504;20150919;Pipkuh;Pipkuh;0.4;0.346;1;Pipkuh
EB506;20151008;Pipnat;Pipnat;0.4;0.346;0;Pipkuh
HC509;20151005;Pipnat;Pipnat;0.4;0.346;0;Pippip
HB10007;20151008;Pippip;Pippip;0.4;0.346;1;Pippip
HC4007;20150917;Pleaus;Plesp;0.4;0.346;1;Plesp
HC4002;20150913;Nyclei;Nyclei;0.4;0.348;1;Nyclei
HC8002;20150917;Rhihip;Rhihip;0.4;0.348;0;Interference
HC8002;20150917;Rhihip;Rhihip;0.4;0.348;0;Interference
HC8005;20150925;Myomys;Myosp;0.4;0.35;1;Myosp
HC5003;20150916;Nycnoc;Nycnoc;0.4;0.35;0;Orthoptera
HC5003;20150916;Nycnoc;Nycnoc;0.4;0.35;0;Orthoptera
HB2006;20150929;Pipkuh;Pipkuh;0.4;0.35;1;Pipkuh
HB4007;20151005;Nycnoc;Nycnoc;0.4;0.35;0;Pippip
HB4007;20151005;Nycnoc;Nycnoc;0.4;0.35;0;Pippip
HB4007;20151006;Pippip;Pippip;0.4;0.35;1;Pippip
HC8002;20150917;Nyclei;Nyclei;0.4;0.35;0;Plesp
HC6003;20150917;Eptser;Eptser;0.4;0.352;1;Eptser
HC4002;20150913;Nyclei;Nyclei;0.4;0.352;1;Nyclei
HC509;20151005;Pipkuh;Pipkuh;0.4;0.352;1;Pipkuh
HB4007;20151006;Nycnoc;Nycnoc;0.4;0.352;0;Pippip
HC10008;20150928;Pippip;Pippip;0.4;0.352;1;Pippip
HB6004;20150918;Pippip;Pippip;0.4;0.352;1;Pippip
HB6004;20150918;Pippip;Pippip;0.4;0.352;1;Pippip
HB1007;20151002;Barbar;Barbar;0.4;0.354;1;Barbar
HA10001;20150922;Eptser;Eptser;0.4;0.354;1;Eptser
TEA251;20150921;Eptser;Eptser;0.4;0.354;1;Eptser
HA5001;20150922;Myomys;Myosp;0.4;0.354;1;Myosp
HB6007;20151006;Pipkuh;Pipkuh;0.4;0.354;1;Pipkuh
HC3007;20150914;Pippip;Pippip;0.4;0.354;1;Pippip
HC3003;20150914;Pleaus;Plesp;0.4;0.354;1;Plesp
TEB254;20150924;Pleaus;Plesp;0.4;0.354;1;Plesp
HC5003;20150916;Nycnoc;Nycnoc;0.4;0.356;0;Orthoptera
TEA251;20150921;Eptser;Eptser;0.4;0.358;1;Eptser
HA5001;20150922;Myoalc;Myosp;0.4;0.358;1;Myosp
HC1005;20150913;Nyclei;Nyclei;0.4;0.358;0;Interference
HB4007;20151005;Nycnoc;Nycnoc;0.4;0.358;0;Pippip
HB10007;20151008;Pippip;Pippip;0.4;0.358;1;Pippip
HA3001;20150922;Pleaus;Plesp;0.4;0.358;1;Plesp
TEB253;20150919;Pleaus;Plesp;0.4;0.358;1;Plesp
HC4009;20150925;Rhihip;Rhihip;0.4;0.358;1;Rhihip
HC5003;20150917;Nycnoc;Nycnoc;0.4;0.36;0;Orthoptera
HB4007;20151006;Nycnoc;Nycnoc;0.4;0.36;0;Pippip
HB6008;20151009;Pippip;Pippip;0.4;0.36;1;Pippip
HC10007;20150927;Pleaus;Plesp;0.4;0.36;1;Plesp
HB9005;20151001;Eptser;Eptser;0.4;0.362;1;Eptser
TEB253;20150919;Myodau;Myosp;0.4;0.362;1;Myosp
HB504;20150918;Myomys;Myosp;0.4;0.362;1;Myosp
HC4009;20150926;Rhihip;Rhihip;0.4;0.362;1;Rhihip
HC8007;20150928;Barbar;Barbar;0.4;0.364;1;Barbar
HC8006;20150927;Pipkuh;Pipkuh;0.4;0.364;0;Barbar
HC8002;20150917;Rhihip;Rhihip;0.4;0.364;0;Interference
HC8006;20150927;Pippip;Pippip;0.4;0.366;1;Pippip
HA6002;20150922;Pippip;Pippip;0.4;0.366;1;Pippip
HC6006;20150928;MyoGT;Myosp;0.4;0.368;0;Barbar
EA502;20150922;Eptser;Eptser;0.4;0.368;1;Eptser
HC509;20151005;Pipnat;Pipnat;0.4;0.368;0;Pippip
HC509;20151005;Pipnat;Pipnat;0.4;0.368;0;Pippip
HC3007;20150914;Myomys;Myosp;0.4;0.37;1;Myosp
HA6002;20150923;Nyclei;Nyclei;0.4;0.37;1;Nyclei
HC8002;20150917;Rhihip;Rhihip;0.4;0.37;0;Interference
HB9005;20151002;Barbar;Barbar;0.4;0.372;1;Barbar
HA6002;20150922;Barbar;Barbar;0.4;0.372;1;Barbar
HC4006;20150918;Barbar;Barbar;0.4;0.374;1;Barbar
HB7002;20150924;Barbar;Barbar;0.4;0.374;1;Barbar
HC3003;20150913;Eptser;Eptser;0.4;0.374;1;Eptser
HB6008;20151009;Myonat;Myosp;0.4;0.374;1;Myosp
HC509;20151005;Pipkuh;Pipkuh;0.4;0.374;1;Pipkuh
HA10002;20150922;Pipnat;Pipnat;0.4;0.374;0;Pipkuh
HC9007;20150928;Pippip;Pippip;0.4;0.374;1;Pippip
HB7003;20150923;Pippip;Pippip;0.4;0.374;1;Pippip
HB7003;20150923;Pippip;Pippip;0.4;0.374;1;Pippip
HB7004;20150930;Pleaus;Plesp;0.4;0.374;1;Plesp
HB504;20150918;Barbar;Barbar;0.4;0.376;1;Barbar
HB9004;20151001;Pipnat;Pipnat;0.4;0.376;0;Pippip
HC40010;20150927;Pipnat;Pipnat;0.4;0.376;0;Pippip
HC8002;20150917;Pleaus;Plesp;0.4;0.376;1;Plesp
TEA251;20150921;Eptser;Eptser;0.4;0.378;1;Eptser
HB9005;20151001;Pleaus;Plesp;0.4;0.378;0;Eptser
HC509;20151005;Pipnat;Pipnat;0.4;0.378;0;Pippip
HB10005;20151001;Pippip;Pippip;0.4;0.378;1;Pippip
HB9005;20151001;Barbar;Barbar;0.4;0.38;1;Barbar
HC506;20150928;Barbar;Barbar;0.4;0.38;1;Barbar
HC3003;20150913;Eptser;Eptser;0.4;0.38;1;Eptser
HC1004;20150914;Pipkuh;Pipkuh;0.4;0.38;1;Pipkuh
HC7006;20150928;Myomys;Myosp;0.4;0.382;1;Myosp
HC5007;20151005;Pippip;Pippip;0.4;0.382;1;Pippip
HC7002;20150917;Pleaus;Plesp;0.4;0.382;1;Plesp
HC506;20150928;Barbar;Barbar;0.4;0.384;1;Barbar
EA251;20150921;Pipkuh;Pipkuh;0.4;0.384;1;Pipkuh
HB9005;20151001;Pipkuh;Pipkuh;0.4;0.384;0;Pipnat
TEB253;20150919;Pleaus;Plesp;0.4;0.384;1;Plesp
HC10009;20151004;Barbar;Barbar;0.4;0.386;1;Barbar
HA8002;20150923;Barbar;Barbar;0.4;0.386;1;Barbar
HC509;20151005;Pipkuh;Pipkuh;0.4;0.386;1;Pipkuh
HC4002;20150914;Pippip;Pippip;0.4;0.386;1;Pippip
HB6007;20151006;Pleaus;Plesp;0.4;0.386;1;Plesp
HA10001;20150922;Pleaus;Plesp;0.4;0.386;1;Plesp
TEB253;20150918;Nycnoc;Nycnoc;0.4;0.388;1;Nycnoc
HC503;20150925;Nyclei;Nyclei;0.4;0.388;0;Interference
HA5001;20150921;Nycnoc;Nycnoc;0.4;0.388;0;Interference
EC505;20150926;Pipnat;Pipnat;0.4;0.388;0;Pipkuh
TEB253;20150918;Pipnat;Pipnat;0.4;0.388;1;Pipnat
HC10004;20150927;Rhihip;Rhihip;0.4;0.388;1;Rhihip
HB256;20151009;Barbar;Barbar;0.4;0.39;1;Barbar
TEA251;20150921;Eptser;Eptser;0.4;0.39;1;Eptser
HC5006;20150928;Eptser;Eptser;0.4;0.39;1;Eptser
HB9004;20150930;Pippip;Pippip;0.4;0.39;1;Pippip
HB5004;20150923;Pippip;Pippip;0.4;0.39;1;Pippip
HC251;20150925;Barbar;Barbar;0.4;0.392;1;Barbar
HC1004;20150913;Myomys;Myosp;0.4;0.392;1;Myosp
HC1004;20150914;Pipkuh;Pipkuh;0.4;0.392;1;Pipkuh
HC8005;20150925;Pipkuh;Pipkuh;0.4;0.392;1;Pipkuh
EB258;20151008;Pipnat;Pipnat;0.4;0.392;0;Pippip
HC10005;20150926;Barbar;Barbar;0.4;0.394;1;Barbar
HC505;20150927;Barbar;Barbar;0.4;0.394;1;Barbar
TEC252;20150924;Eptser;Eptser;0.4;0.394;1;Eptser
HC3003;20150913;Myodau;Myosp;0.4;0.394;1;Myosp
HC1004;20150914;Pipkuh;Pipkuh;0.4;0.394;1;Pipkuh
HB10004;20150930;Pippip;Pippip;0.4;0.394;1;Pippip
HB506;20150929;Pipnat;Pipnat;0.4;0.396;0;Interference
HB9007;20151008;Pipnat;Pipnat;0.4;0.396;1;Pipnat
HB4007;20151005;Nycnoc;Nycnoc;0.4;0.396;0;Pippip
HC7004;20150914;Pippip;Pippip;0.4;0.396;1;Pippip
HB1007;20151002;Barbar;Barbar;0.4;0.398;1;Barbar
HC8005;20150926;Myodau;Myosp;0.4;0.398;1;Myosp
HB9007;20151009;Nyclei;Nyclei;0.4;0.398;1;Nyclei
HB2006;20150929;Pippip;Pippip;0.4;0.398;1;Pippip
EB258;20151009;Barbar;Barbar;0.4;0.4;1;Barbar
HC9007;20150928;Pippip;Pippip;0.4;0.4;1;Pippip
HA6002;20150922;Nyclei;Nyclei;0.5;0.402;1;Nyclei
HC5003;20150916;Nycnoc;Nycnoc;0.5;0.402;0;Orthoptera
HC509;20151005;Pipnat;Pipnat;0.5;0.402;0;Pippip
HB6008;20151009;Pippip;Pippip;0.5;0.402;1;Pippip
HB10001;20150919;Pleaus;Plesp;0.5;0.402;1;Plesp
HC8003;20150924;Pleaus;Plesp;0.5;0.402;1;Plesp
HB6008;20151009;Nycnoc;Nycnoc;0.5;0.402;0;Orthoptera
HB1007;20151001;Barbar;Barbar;0.5;0.404;1;Barbar
HC40010;20150928;Barbar;Barbar;0.5;0.404;1;Barbar
TEB253;20150919;Barbar;Barbar;0.5;0.404;1;Barbar
HA5002;20150923;Nyclei;Nyclei;0.5;0.404;1;Nyclei
HB4007;20151005;Nycnoc;Nycnoc;0.5;0.404;0;Pippip
HC509;20151005;Pipnat;Pipnat;0.5;0.404;0;Pippip
HB6003;20150912;MyoGT;Myosp;0.5;0.404;0;Plesp
TEA251;20150921;Eptser;Eptser;0.5;0.406;1;Eptser
HC3003;20150913;Eptser;Eptser;0.5;0.406;1;Eptser
HB504;20150918;Myomys;Myosp;0.5;0.406;1;Myosp
HB6008;20151009;Myomys;Myosp;0.5;0.406;1;Myosp
HB6008;20151009;Myonat;Myosp;0.5;0.406;1;Myosp
HB10007;20151008;Pipnat;Pipnat;0.5;0.406;1;Pipnat
HB4007;20151005;Nycnoc;Nycnoc;0.5;0.406;0;Pippip
HB3008;20151008;Pippip;Pippip;0.5;0.406;1;Pippip
HB4004;20150929;Pleaur;Plesp;0.5;0.406;1;Plesp
HA5001;20150922;Myonat;Myosp;0.5;0.408;1;Myosp
HB6004;20150919;Nyclei;Nyclei;0.5;0.408;0;Orthoptera
EB259;20151008;Pipnat;Pipnat;0.5;0.408;0;Pipkuh
HC5003;20150917;Pleaus;Plesp;0.5;0.408;1;Plesp
HA8001;20150921;Eptser;Eptser;0.5;0.41;1;Eptser
TEA251;20150921;Eptser;Eptser;0.5;0.41;1;Eptser
HC4006;20150917;Nycnoc;Nycnoc;0.5;0.41;1;Nycnoc
HC3003;20150913;Eptser;Eptser;0.5;0.412;1;Eptser
HB9007;20151008;Myodau;Myosp;0.5;0.412;1;Myosp
HC6006;20150928;MyoGT;Myosp;0.5;0.412;0;Pipkuh
HB4007;20151006;Nycnoc;Nycnoc;0.5;0.412;0;Pippip
HB9005;20151002;Pleaus;Plesp;0.5;0.412;1;Plesp
HC2005;20150917;Nycnoc;Nycnoc;0.5;0.412;0;Orthoptera
HA8001;20150921;Pippip;Pippip;0.5;0.414;1;Pippip
HC5003;20150917;Pleaus;Plesp;0.5;0.414;1;Plesp
HC10005;20150927;Barbar;Barbar;0.5;0.416;1;Barbar
HB6008;20151008;Nyclei;Nyclei;0.5;0.416;0;Nycnoc
HB4007;20151005;Nycnoc;Nycnoc;0.5;0.416;0;Pippip
HB4007;20151006;Nycnoc;Nycnoc;0.5;0.416;0;Pippip
HC9002;20150917;Pleaus;Plesp;0.5;0.416;1;Plesp
EB256;20151001;Pleaus;Plesp;0.5;0.418;0;Barbar
HB1004;20150924;Nyclei;Nyclei;0.5;0.418;0;Interference
EC3002;20150925;Pipnat;Pipnat;0.5;0.418;0;Pipkuh
HC10006;20150928;Pippip;Pippip;0.5;0.418;1;Pippip
HC509;20151004;Pipkuh;Pipkuh;0.5;0.42;1;Pipkuh
HC8002;20150917;Pleaus;Plesp;0.5;0.42;1;Plesp
HA8002;20150922;Myomys;Myosp;0.5;0.422;1;Myosp
HB6008;20151008;Nyclei;Nyclei;0.5;0.422;0;bird
TEB259;20151009;Pleaus;Plesp;0.5;0.422;1;Plesp
TEA251;20150921;Eptser;Eptser;0.5;0.424;1;Eptser
HC251;20150924;MyoGT;Myosp;0.5;0.424;1;Myosp
HB509;20151005;Pipkuh;Pipkuh;0.5;0.424;1;Pipkuh
HB509;20151006;Pipkuh;Pipkuh;0.5;0.424;1;Pipkuh
HB4008;20151008;Pipnat;Pipnat;0.5;0.424;1;Pipnat
HC509;20151005;Pipnat;Pipnat;0.5;0.424;0;Pippip
TEA251;20150921;Eptser;Eptser;0.5;0.426;1;Eptser
TEA251;20150921;Eptser;Eptser;0.5;0.426;1;Eptser
HB4007;20151005;Nycnoc;Nycnoc;0.5;0.426;0;Pippip
TEA251;20150921;Pippip;Pippip;0.5;0.426;1;Pippip
TEC252;20150924;Pippip;Pippip;0.5;0.426;1;Pippip
HB504;20150919;Pleaus;Plesp;0.5;0.426;1;Plesp
HB8005;20151001;Pipkuh;Pipkuh;0.5;0.428;0;Orthoptera
HC4007;20150918;Pipkuh;Pipkuh;0.5;0.428;1;Pipkuh
HB1004;20150923;Pipkuh;Pipkuh;0.5;0.428;1;Pipkuh
HC7004;20150913;Pipnat;Pipnat;0.5;0.428;0;Pipkuh
HB4007;20151006;Nycnoc;Nycnoc;0.5;0.428;0;Pippip
HB256;20151008;Myomys;Myosp;0.5;0.43;1;Myosp
HA5001;20150921;Pipkuh;Pipkuh;0.5;0.43;1;Pipkuh
HC1008;20150925;Pipkuh;Pipkuh;0.5;0.43;1;Pipkuh
EB506;20151008;Pipnat;Pipnat;0.5;0.43;0;Pipkuh
HB256;20151008;Pipnat;Pipnat;0.5;0.43;0;Pipkuh
HB7003;20150924;Barbar;Barbar;0.5;0.432;1;Barbar
TEA251;20150921;Eptser;Eptser;0.5;0.432;1;Eptser
HB4007;20151005;Myonat;Myosp;0.5;0.432;1;Myosp
HB4007;20151006;Nycnoc;Nycnoc;0.5;0.432;0;Pippip
HC509;20151005;Pipnat;Pipnat;0.5;0.432;0;Pippip
HC8005;20150925;Pleaus;Plesp;0.5;0.432;1;Plesp
HB6008;20151008;Barbar;Barbar;0.5;0.434;1;Barbar
HB8004;20150929;Eptser;Eptser;0.5;0.434;1;Eptser
HC9002;20150917;Pipkuh;Pipkuh;0.5;0.434;1;Pipkuh
HC1004;20150914;Pipkuh;Pipkuh;0.5;0.434;1;Pipkuh
HB4007;20151005;Nycnoc;Nycnoc;0.5;0.434;0;Pippip
HB9007;20151008;Barbar;Barbar;0.5;0.436;1;Barbar
TEB253;20150918;Pipnat;Pipnat;0.5;0.436;0;Pipkuh
HA8001;20150922;Pippip;Pippip;0.5;0.436;1;Pippip
HB5008;20151005;Pleaus;Plesp;0.5;0.436;1;Plesp
TEA251;20150921;Eptser;Eptser;0.5;0.438;1;Eptser
TEA251;20150921;Eptser;Eptser;0.5;0.438;1;Eptser
HC6002;20150917;Myodau;Myosp;0.5;0.438;1;Myosp
HC8006;20150927;Pleaus;Plesp;0.5;0.438;1;Plesp
TEB254;20150924;Nyclei;Nyclei;0.5;0.44;1;Nyclei
HB9004;20150930;Pipkuh;Pipkuh;0.5;0.44;1;Pipkuh
TEC3005;20150928;Pipnat;Pipnat;0.5;0.44;0;Pippip
HC7006;20150927;Pippip;Pippip;0.5;0.44;1;Pippip
HC3008;20150926;Rhihip;Rhihip;0.5;0.44;1;Rhihip
TEA251;20150921;Eptser;Eptser;0.5;0.442;1;Eptser
HC4007;20150917;Pipkuh;Pipkuh;0.5;0.442;1;Pipkuh
HC10007;20150927;Pipkuh;Pipkuh;0.5;0.442;1;Pipkuh
HB7004;20150929;Rhihip;Rhihip;0.5;0.442;1;Rhihip
HB5006;20150930;Barbar;Barbar;0.5;0.444;1;Barbar
HB6008;20151009;Myomys;Myosp;0.5;0.444;1;Myosp
HB4007;20151005;Nycnoc;Nycnoc;0.5;0.444;0;Pippip
HB9007;20151009;Pleaur;Plesp;0.5;0.444;1;Plesp
HC8005;20150925;Rhihip;Rhihip;0.5;0.444;1;Rhihip
HB4007;20151006;Nycnoc;Nycnoc;0.5;0.446;0;Pippip
HC509;20151005;Pipnat;Pipnat;0.5;0.446;0;Pippip
HC10008;20150929;Pippip;Pippip;0.5;0.446;1;Pippip
HC40010;20150928;Barbar;Barbar;0.5;0.448;1;Barbar
HB6007;20151005;Eptser;Eptser;0.5;0.448;1;Eptser
HC10001;20150924;Eptser;Eptser;0.5;0.448;1;Eptser
HC10005;20150926;Myomys;Myosp;0.5;0.448;1;Myosp
HC10008;20150929;Pippip;Pippip;0.5;0.448;1;Pippip
HC3008;20150926;Barbar;Barbar;0.5;0.45;1;Barbar
TEA251;20150921;Eptser;Eptser;0.5;0.45;1;Eptser
EB258;20151008;Pipnat;Pipnat;0.5;0.45;0;Pipkuh
HB257;20151008;Pipnat;Pipnat;0.5;0.45;1;Pipnat
HB7003;20150924;Pippip;Pippip;0.5;0.45;1;Pippip
HB5007;20151001;Pleaus;Plesp;0.5;0.45;1;Plesp
HC7002;20150917;Pleaus;Plesp;0.5;0.45;1;Plesp
HC5003;20150916;Nycnoc;Nycnoc;0.5;0.452;0;Orthoptera
HB9005;20151001;Pipkuh;Pipkuh;0.5;0.452;1;Pipkuh
HC509;20151005;Pipkuh;Pipkuh;0.5;0.452;1;Pipkuh
HC509;20151004;Pippip;Pippip;0.5;0.452;1;Pippip
HB256;20151009;Pippip;Pippip;0.5;0.452;1;Pippip
HB503;20150919;Barbar;Barbar;0.5;0.454;1;Barbar
TEA251;20150921;Eptser;Eptser;0.5;0.454;1;Eptser
HB4008;20151008;Pippip;Pippip;0.5;0.454;0;Orthoptera
HC10005;20150926;Rhihip;Rhihip;0.5;0.454;1;Rhihip
HB7004;20150929;Barbar;Barbar;0.5;0.456;1;Barbar
HC509;20151005;Pipnat;Pipnat;0.5;0.456;0;Pippip
HC10008;20150928;Pippip;Pippip;0.5;0.456;1;Pippip
HC251;20150924;Pippip;Pippip;0.5;0.456;1;Pippip
HB1007;20151001;Barbar;Barbar;0.5;0.458;1;Barbar
HC9006;20150926;Nycnoc;Nycnoc;0.5;0.458;0;Interference
TEB253;20150919;Myocap;Myosp;0.5;0.458;1;Myosp
HB6008;20151008;Pippip;Pippip;0.5;0.458;1;Pippip
HC10007;20150927;Pleaus;Plesp;0.5;0.458;1;Plesp
HB7003;20150924;Pleaus;Plesp;0.5;0.458;1;Plesp
HC8005;20150925;Myonat;Myosp;0.5;0.46;1;Myosp
HB4007;20151005;Nycnoc;Nycnoc;0.5;0.46;0;Pippip
HC10001;20150924;Pippip;Pippip;0.5;0.46;1;Pippip
HB6008;20151009;Nycnoc;Nycnoc;0.5;0.462;0;Orthoptera
TEA251;20150921;Eptser;Eptser;0.5;0.464;1;Eptser
TEA251;20150921;Eptser;Eptser;0.5;0.464;1;Eptser
HB503;20150918;Pipkuh;Pipkuh;0.5;0.464;1;Pipkuh
HB1007;20151001;Pippip;Pippip;0.5;0.464;1;Pippip
HB10005;20151001;Pippip;Pippip;0.5;0.466;1;Pippip
HB4005;20150930;Barbar;Barbar;0.5;0.468;1;Barbar
HC7004;20150914;Barbar;Barbar;0.5;0.468;1;Barbar
HB2007;20150930;Eptser;Eptser;0.5;0.468;1;Eptser
HB503;20150918;Rhihip;Rhihip;0.5;0.468;0;Interference
HC10010;20151005;Pippip;Pippip;0.5;0.468;1;Pippip
HC4009;20150926;Rhihip;Rhihip;0.5;0.468;1;Rhihip
HC2005;20150916;Myoema;Myosp;0.5;0.47;1;Myosp
HA5002;20150922;Barbar;Barbar;0.5;0.472;1;Barbar
HC2009;20150928;Barbar;Barbar;0.5;0.472;1;Barbar
HB506;20150929;Pipkuh;Pipkuh;0.5;0.472;1;Pipkuh
TEA251;20150921;Eptser;Eptser;0.5;0.474;1;Eptser
HC8005;20150926;Myomys;Myosp;0.5;0.474;1;Myosp
TEB254;20150924;Barbar;Barbar;0.5;0.476;1;Barbar
HB504;20150918;Nycnoc;Nycnoc;0.5;0.476;0;Interference
HB4007;20151005;Nycnoc;Nycnoc;0.5;0.476;0;Pippip
HA8001;20150922;Pippip;Pippip;0.5;0.476;1;Pippip
HB1007;20151001;Barbar;Barbar;0.5;0.478;1;Barbar
TEB2003;20150919;Nyclei;Nyclei;0.5;0.478;1;Nyclei
HB4007;20151005;Nycnoc;Nycnoc;0.5;0.478;0;Pippip
HC509;20151005;Pipnat;Pipnat;0.5;0.478;0;Pippip
TEB256;20151001;Pleaur;Plesp;0.5;0.478;1;Plesp
HB5008;20151005;Pleaus;Plesp;0.5;0.478;1;Plesp
HB509;20151006;Pleaus;Plesp;0.5;0.48;1;Plesp
HB3006;20151002;Barbar;Barbar;0.5;0.482;1;Barbar
HC6006;20150929;Barbar;Barbar;0.5;0.482;1;Barbar
HA9001;20150922;Pipnat;Pipnat;0.5;0.482;0;Pipkuh
HB4005;20151001;Barbar;Barbar;0.5;0.484;1;Barbar
HB5006;20150930;Myonat;Myosp;0.5;0.484;0;Interference
HC10001;20150925;Nycnoc;Nycnoc;0.5;0.484;0;Pippip
HB6004;20150919;Pleaus;Plesp;0.5;0.484;1;Plesp
HC7003;20150917;Barbar;Barbar;0.5;0.486;1;Barbar
TEB253;20150919;Barbar;Barbar;0.5;0.486;1;Barbar
TEA251;20150921;Eptser;Eptser;0.5;0.486;1;Eptser
EB259;20151008;Pipnat;Pipnat;0.5;0.486;0;Pipkuh
HC7003;20150917;Pleaus;Plesp;0.5;0.486;1;Plesp
HC4009;20150926;Rhihip;Rhihip;0.5;0.486;1;Rhihip
HC8005;20150925;Rhihip;Rhihip;0.5;0.486;1;Rhihip
TEA251;20150921;Eptser;Eptser;0.5;0.488;1;Eptser
TEA251;20150921;Eptser;Eptser;0.5;0.488;1;Eptser
HB5004;20150923;Nyclei;Nyclei;0.5;0.488;1;Nyclei
HC509;20151004;Pipkuh;Pipkuh;0.5;0.488;1;Pipkuh
HC7002;20150916;Pipnat;Pipnat;0.5;0.488;1;Pipnat
HC10004;20150927;Myomys;Myosp;0.5;0.49;1;Myosp
HC509;20151005;Pipnat;Pipnat;0.5;0.49;0;Pippip
HB2006;20150929;Pipkuh;Pipkuh;0.5;0.492;1;Pipkuh
HB503;20150918;Pipkuh;Pipkuh;0.5;0.492;1;Pipkuh
HC1004;20150914;Pipkuh;Pipkuh;0.5;0.492;1;Pipkuh
HB3004;20150919;Pipnat;Pipnat;0.5;0.492;1;Pipnat
HC7007;20150928;Pippip;Pippip;0.5;0.492;1;Pippip
HC9002;20150917;Pleaus;Plesp;0.5;0.492;1;Plesp
HC6006;20150928;Barbar;Barbar;0.5;0.494;1;Barbar
HA6002;20150922;Pipkuh;Pipkuh;0.5;0.494;0;Barbar
HB509;20151005;Myocap;Myosp;0.5;0.494;0;Pipkuh
TEA251;20150921;Eptser;Eptser;0.5;0.496;1;Eptser
EC507;20150929;Nyclei;Nyclei;0.5;0.496;1;Nyclei
HC2006;20150917;Pipnat;Pipnat;0.5;0.496;1;Pipnat
TEC252;20150924;Pleaus;Plesp;0.5;0.496;1;Plesp
HA4001;20150923;Nyclei;Nyclei;0.5;0.498;1;Nyclei
EB259;20151008;Pipkuh;Pipkuh;0.5;0.498;1;Pipkuh
HC4002;20150914;Pipnat;Pipnat;0.5;0.498;0;Pipkuh
HB1002;20150909;Myodau;Myosp;0.5;0.5;1;Myosp
HB2001;20150908;Myonat;Myosp;0.5;0.5;1;Myosp
HC6002;20150917;Myonat;Myosp;0.5;0.5;1;Myosp
HC8001;20150914;Myonat;Myosp;0.5;0.5;1;Myosp
HB4001;20150908;Pipkuh;Pipkuh;0.5;0.5;1;Pipkuh
HC504;20150925;Pipkuh;Pipkuh;0.5;0.5;1;Pipkuh
HC6007;20151005;Nycnoc;Nycnoc;0.5;0.5;0;Pippip
HB7004;20150929;Pippip;Pippip;0.5;0.5;1;Pippip
HB3002;20150909;Pippip;Pippip;0.5;0.5;1;Pippip
HB9006;20151006;Pleaus;Plesp;0.5;0.5;1;Plesp
HC3008;20150926;Pleaus;Plesp;0.5;0.5;1;Plesp
HC7003;20150916;Rhifer;Rhifer;0.5;0.5;1;Rhifer
HB10002;20150923;Barbar;Barbar;0.6;0.502;1;Barbar
HB2004;20150918;Nyclei;Nyclei;0.6;0.502;1;Nyclei
HC5003;20150916;Nycnoc;Nycnoc;0.6;0.502;0;Orthoptera
TEB1003;20150925;Pipnat;Pipnat;0.6;0.502;0;Pipkuh
HC10008;20150928;Pippip;Pippip;0.6;0.502;1;Pippip
HA6002;20150923;Pleaus;Plesp;0.6;0.502;1;Plesp
HC4009;20150926;Pleaus;Plesp;0.6;0.502;1;Plesp
HC10004;20150927;Barbar;Barbar;0.6;0.504;1;Barbar
HC8004;20150924;Eptser;Eptser;0.6;0.504;1;Eptser
TEB258;20151008;Eptser;Eptser;0.6;0.504;1;Eptser
EC1003;20150913;Nycnoc;Nycnoc;0.6;0.504;1;Nycnoc
EB506;20151008;Pipnat;Pipnat;0.6;0.504;0;Pipkuh
HC509;20151005;Pipnat;Pipnat;0.6;0.504;0;Pippip
HB4007;20151005;Pippip;Pippip;0.6;0.504;1;Pippip
HB10007;20151009;Pleaus;Plesp;0.6;0.504;1;Plesp
HB9006;20151006;Barbar;Barbar;0.6;0.506;1;Barbar
TEB257;20151001;Myomys;Myosp;0.6;0.506;1;Myosp
TEA252;20150922;Nyclei;Nyclei;0.6;0.506;1;Nyclei
HA252;20151006;Pipkuh;Pipkuh;0.6;0.506;1;Pipkuh
HB4007;20151005;Nycnoc;Nycnoc;0.6;0.506;0;Pippip
HC509;20151005;Pipnat;Pipnat;0.6;0.506;0;Pippip
HB1007;20151001;Barbar;Barbar;0.6;0.508;1;Barbar
HC4004;20150917;Pippip;Pippip;0.6;0.508;1;Pippip
EC1003;20150913;Barbar;Barbar;0.6;0.51;1;Barbar
HC1007;20150924;Barbar;Barbar;0.6;0.51;1;Barbar
EC1003;20150913;Nycnoc;Nycnoc;0.6;0.51;1;Nycnoc
HB10002;20150923;Nycnoc;Nycnoc;0.6;0.51;0;bird
HB7004;20150929;Barbar;Barbar;0.6;0.512;1;Barbar
HC8005;20150925;Rhihip;Rhihip;0.6;0.512;1;Rhihip
HB6008;20151009;Pippip;Pippip;0.6;0.514;1;Pippip
TEB254;20150923;Pleaus;Plesp;0.6;0.514;1;Plesp
HB7004;20150929;Pleaus;Plesp;0.6;0.516;0;Barbar
HC8001;20150913;Myomys;Myosp;0.6;0.516;1;Myosp
HA6002;20150922;Nyclei;Nyclei;0.6;0.516;1;Nyclei
EC1003;20150913;Nycnoc;Nycnoc;0.6;0.516;1;Nycnoc
HB4001;20150908;Pipkuh;Pipkuh;0.6;0.516;1;Pipkuh
EB252;20150910;Pipkuh;Pipkuh;0.6;0.516;1;Pipkuh
HC8005;20150925;Pipkuh;Pipkuh;0.6;0.516;1;Pipkuh
HC509;20151005;Pipnat;Pipnat;0.6;0.516;0;Pippip
HB1007;20151001;Pleaus;Plesp;0.6;0.516;1;Plesp
HA6003;20151007;Rhihip;Rhihip;0.6;0.516;1;Rhihip
HC9002;20150916;Nycnoc;Nycnoc;0.6;0.518;0;Orthoptera
HC6006;20150928;Eptser;Eptser;0.6;0.518;1;Eptser
HC3003;20150913;Eptser;Eptser;0.6;0.518;1;Eptser
EB252;20150910;Pipkuh;Pipkuh;0.6;0.518;1;Pipkuh
TEB504;20151002;Pleaus;Plesp;0.6;0.518;1;Plesp
HB9006;20151006;Pleaus;Plesp;0.6;0.518;1;Plesp
HC503;20150926;Rhihip;Rhihip;0.6;0.518;1;Rhihip
HC8004;20150924;Myodau;Myosp;0.6;0.52;1;Myosp
HC8001;20150913;Myomys;Myosp;0.6;0.52;1;Myosp
HC1006;20150917;Pippip;Pippip;0.6;0.52;1;Pippip
HB257;20151009;Pleaus;Plesp;0.6;0.52;1;Plesp
TEB501;20150913;Rhifer;Rhifer;0.6;0.52;1;Rhifer
TEA251;20150921;Eptser;Eptser;0.6;0.522;1;Eptser
TEA251;20150921;Eptser;Eptser;0.6;0.522;1;Eptser
EC1003;20150912;Pipkuh;Pipkuh;0.6;0.522;1;Pipkuh
HB257;20151008;Pipnat;Pipnat;0.6;0.522;1;Pipnat
HC3008;20150925;Pippip;Pippip;0.6;0.522;1;Pippip
HB1007;20151001;Barbar;Barbar;0.6;0.524;1;Barbar
HC6004;20150927;Barbar;Barbar;0.6;0.524;1;Barbar
HB8004;20150929;Eptser;Eptser;0.6;0.524;1;Eptser
HC8001;20150913;Myomys;Myosp;0.6;0.524;1;Myosp
HC8001;20150914;Myomys;Myosp;0.6;0.524;1;Myosp
HB10006;20151006;Pippip;Pippip;0.6;0.524;1;Pippip
HC10008;20150928;Pippip;Pippip;0.6;0.524;1;Pippip
HB6004;20150919;Barbar;Barbar;0.6;0.526;1;Barbar
HC10004;20150926;Barbar;Barbar;0.6;0.526;1;Barbar
HB10003;20150929;Nycnoc;Nycnoc;0.6;0.526;0;Interference
HB251;20150908;Nycnoc;Nycnoc;0.6;0.526;0;Interference
HA5001;20150921;Pipkuh;Pipkuh;0.6;0.526;1;Pipkuh
HC509;20151005;Pipnat;Pipnat;0.6;0.526;0;Pippip
HB5002;20150908;Nyclei;Nyclei;0.6;0.528;1;Nyclei
TEA1001;20150922;Pipkuh;Pipkuh;0.6;0.528;1;Pipkuh
HC506;20150927;Pipnat;Pipnat;0.6;0.528;0;Pippip
HB10001;20150919;Pleaus;Plesp;0.6;0.528;1;Plesp
HC8001;20150913;Myomys;Myosp;0.6;0.53;1;Myosp
HB504;20150918;Pipnat;Pipnat;0.6;0.53;0;Pipkuh
HB4002;20150908;Rhihip;Rhihip;0.6;0.53;1;Rhihip
HC251;20150925;Pippip;Pippip;0.6;0.532;1;Pippip
HC6006;20150928;Barbar;Barbar;0.6;0.534;1;Barbar
HB2004;20150919;Eptser;Eptser;0.6;0.534;1;Eptser
EB2002;20150908;Nycnoc;Nycnoc;0.6;0.534;1;Nycnoc
HC1004;20150914;Pipkuh;Pipkuh;0.6;0.534;1;Pipkuh
HB9006;20151005;Pipnat;Pipnat;0.6;0.534;1;Pipnat
HB509;20151006;Pippip;Pippip;0.6;0.534;1;Pippip
TEA251;20150921;Eptser;Eptser;0.6;0.536;1;Eptser
EA251;20150921;Pipkuh;Pipkuh;0.6;0.536;1;Pipkuh
HC1002;20150909;Pipkuh;Pipkuh;0.6;0.536;1;Pipkuh
HC5001;20150909;Pipnat;Pipnat;0.6;0.536;0;Pipkuh
HC10004;20150926;Pippip;Pippip;0.6;0.536;1;Pippip
TEA251;20150921;Eptser;Eptser;0.6;0.538;1;Eptser
HC8004;20150924;Eptser;Eptser;0.6;0.538;1;Eptser
HC3003;20150914;Myomys;Myosp;0.6;0.538;1;Myosp
TEB253;20150918;Nycnoc;Nycnoc;0.6;0.538;1;Nycnoc
HB257;20151008;Pipkuh;Pipkuh;0.6;0.538;1;Pipkuh
EB252;20150909;Pleaus;Plesp;0.6;0.538;1;Plesp
HB7004;20150929;Barbar;Barbar;0.6;0.54;1;Barbar
TEB252;20150910;Barbar;Barbar;0.6;0.54;1;Barbar
HC2007;20150918;Myoema;Myosp;0.6;0.54;1;Myosp
EB258;20151008;Pipnat;Pipnat;0.6;0.54;0;Pipkuh
HC251;20150925;Pippip;Pippip;0.6;0.54;1;Pippip
HA8003;20151007;Rhihip;Rhihip;0.6;0.54;1;Rhihip
HA252;20151007;Barbar;Barbar;0.6;0.542;1;Barbar
HB6003;20150912;Nyclei;Nyclei;0.6;0.542;1;Nyclei
EC1003;20150913;Nycnoc;Nycnoc;0.6;0.542;1;Nycnoc
HB7003;20150923;Pippip;Pippip;0.6;0.542;1;Pippip
HC503;20150925;Rhihip;Rhihip;0.6;0.542;1;Rhihip
HB504;20150918;Barbar;Barbar;0.6;0.544;1;Barbar
HC8001;20150914;Myoema;Myosp;0.6;0.544;1;Myosp
HC8001;20150914;Myomys;Myosp;0.6;0.544;1;Myosp
HC253;20150925;Pipkuh;Pipkuh;0.6;0.544;1;Pipkuh
HC6004;20150927;Rhihip;Rhihip;0.6;0.544;1;Rhihip
HC3007;20150913;Myomys;Myosp;0.6;0.546;1;Myosp
HB4001;20150908;Pipkuh;Pipkuh;0.6;0.546;1;Pipkuh
HB4008;20151009;Pippip;Pippip;0.6;0.546;1;Pippip
HB1007;20151002;Barbar;Barbar;0.6;0.548;1;Barbar
HC5001;20150909;Nycnoc;Nycnoc;0.6;0.548;1;Nycnoc
HC1002;20150909;Pipkuh;Pipkuh;0.6;0.548;1;Pipkuh
HC503;20150925;Pleaus;Plesp;0.6;0.548;1;Plesp
TEA251;20150921;Eptser;Eptser;0.6;0.55;1;Eptser
EC1003;20150913;Nycnoc;Nycnoc;0.6;0.55;1;Nycnoc
EC1003;20150913;Nycnoc;Nycnoc;0.6;0.55;1;Nycnoc
TEA251;20150921;Eptser;Eptser;0.6;0.552;1;Eptser
EC1003;20150913;Nycnoc;Nycnoc;0.6;0.552;1;Nycnoc
HA5001;20150921;Pipkuh;Pipkuh;0.6;0.552;1;Pipkuh
HB505;20150923;Pleaus;Plesp;0.6;0.552;1;Plesp
HC7006;20150928;Barbar;Barbar;0.6;0.554;1;Barbar
HB3002;20150909;Myomys;Myosp;0.6;0.554;1;Myosp
HC8001;20150914;Myomys;Myosp;0.6;0.554;1;Myosp
HB9001;20150909;Myomys;Myosp;0.6;0.554;1;Myosp
HC2001;20150909;Pipkuh;Pipkuh;0.6;0.554;1;Pipkuh
HC505;20150927;Pippip;Pippip;0.6;0.554;1;Pippip
HC8001;20150913;Myocap;Myosp;0.6;0.556;1;Myosp
TEB254;20150923;Pippip;Pippip;0.6;0.556;1;Pippip
EA1001;20150922;Nyclei;Nyclei;0.6;0.558;1;Nyclei
HC509;20151005;Pipnat;Pipnat;0.6;0.558;0;Pippip
HC505;20150927;Pippip;Pippip;0.6;0.558;1;Pippip
TEA251;20150921;Eptser;Eptser;0.6;0.56;1;Eptser
TEB501;20150913;Rhifer;Rhifer;0.6;0.56;1;Rhifer
HC1007;20150924;Rhihip;Rhihip;0.6;0.56;1;Rhihip
TEB258;20151008;Eptser;Eptser;0.6;0.562;1;Eptser
HB8001;20150918;Nycnoc;Nycnoc;0.6;0.562;1;Nycnoc
EC1003;20150913;Nycnoc;Nycnoc;0.6;0.562;1;Nycnoc
TEB258;20151008;Nycnoc;Nycnoc;0.6;0.562;1;Nycnoc
EB2003;20150919;Pleaus;Plesp;0.6;0.562;1;Plesp
HC10005;20150926;Rhihip;Rhihip;0.6;0.562;1;Rhihip
HC6006;20150928;Barbar;Barbar;0.6;0.564;1;Barbar
HB2004;20150919;Eptser;Eptser;0.6;0.564;1;Eptser
HC2002;20150913;Myoema;Myosp;0.6;0.564;1;Myosp
EC1003;20150913;Nycnoc;Nycnoc;0.6;0.564;1;Nycnoc
EC1003;20150913;Nycnoc;Nycnoc;0.6;0.566;1;Nycnoc
HC7002;20150917;Pipnat;Pipnat;0.6;0.566;1;Pipnat
HC251;20150924;Barbar;Barbar;0.6;0.568;1;Barbar
TEB258;20151008;Eptser;Eptser;0.6;0.568;1;Eptser
EA251;20150921;Pipkuh;Pipkuh;0.6;0.568;1;Pipkuh
TEC1002;20150909;Pipnat;Pipnat;0.6;0.568;0;Pipkuh
HC5005;20150926;Pipkuh;Pipkuh;0.6;0.57;1;Pipkuh
EB506;20151008;Pipnat;Pipnat;0.6;0.57;0;Pipkuh
EC503;20150917;Pippip;Pippip;0.6;0.57;1;Pippip
HC502;20150917;Pleaus;Plesp;0.6;0.57;1;Plesp
HB10005;20151001;Myonat;Myosp;0.6;0.572;1;Myosp
HA1001;20150921;Pipkuh;Pipkuh;0.6;0.572;1;Pipkuh
HC251;20150924;Pipkuh;Pipkuh;0.6;0.572;1;Pipkuh
HB504;20150918;Pipnat;Pipnat;0.6;0.574;1;Pipnat
HC9005;20150925;Pipnat;Pipnat;0.6;0.574;1;Pipnat
TEA251;20150921;Eptser;Eptser;0.6;0.576;1;Eptser
HB502;20150912;Myodau;Myosp;0.6;0.576;1;Myosp
HC1004;20150914;Myomys;Myosp;0.6;0.576;1;Myosp
TEA251;20150921;Eptser;Eptser;0.6;0.578;1;Eptser
TEB258;20151008;Eptser;Eptser;0.6;0.578;1;Eptser
EC3003;20150927;Myonat;Myosp;0.6;0.578;1;Myosp
HB8003;20150921;Pippip;Pippip;0.6;0.578;1;Pippip
TEC1006;20150914;Pleaus;Plesp;0.6;0.578;1;Plesp
HC8005;20150925;Rhihip;Rhihip;0.6;0.578;1;Rhihip
HA8003;20151007;Pipkuh;Pipkuh;0.6;0.58;1;Pipkuh
HB10006;20151006;Pippip;Pippip;0.6;0.58;1;Pippip
TEB254;20150923;Pleaus;Plesp;0.6;0.58;1;Plesp
TEA251;20150921;Eptser;Eptser;0.6;0.582;1;Eptser
HC8001;20150914;Myomys;Myosp;0.6;0.582;1;Myosp
HC4009;20150925;Pleaus;Plesp;0.6;0.582;1;Plesp
HC8005;20150925;Rhihip;Rhihip;0.6;0.582;1;Rhihip
HC8005;20150926;Rhihip;Rhihip;0.6;0.582;1;Rhihip
HC2001;20150910;Pleaus;Plesp;0.6;0.584;1;Plesp
HA6003;20151007;Rhihip;Rhihip;0.6;0.584;1;Rhihip
HB9002;20150919;Eptser;Eptser;0.6;0.586;1;Eptser
TEC1006;20150913;Pleaus;Plesp;0.6;0.586;1;Plesp
EC1006;20150913;Nyclei;Nyclei;0.6;0.588;1;Nyclei
EB259;20151009;Pipnat;Pipnat;0.6;0.588;0;Pipkuh
HB4007;20151005;Nycnoc;Nycnoc;0.6;0.588;0;Pippip
HB4002;20150908;Rhihip;Rhihip;0.6;0.588;1;Rhihip
HC502;20150917;Pipkuh;Pipkuh;0.6;0.59;0;Orthoptera
HC6007;20151005;Pleaus;Plesp;0.6;0.59;1;Plesp
HB1008;20151008;Barbar;Barbar;0.6;0.592;1;Barbar
TEA251;20150921;Eptser;Eptser;0.6;0.592;1;Eptser
HB7007;20151009;Pipnat;Pipnat;0.6;0.592;1;Pipnat
HC5007;20151005;Pippip;Pippip;0.6;0.592;1;Pippip
HA2002;20151007;Barbar;Barbar;0.6;0.594;1;Barbar
TEB252;20150910;Barbar;Barbar;0.6;0.594;1;Barbar
HA6002;20150922;Nyclei;Nyclei;0.6;0.594;1;Nyclei
HC10006;20150927;Pipnat;Pipnat;0.6;0.594;0;Pipkuh
HC10009;20151004;Pipkuh;Pipkuh;0.6;0.594;0;Pippip
HB10006;20151006;Pippip;Pippip;0.6;0.594;1;Pippip
HC1008;20150926;Pleaus;Plesp;0.6;0.594;1;Plesp
HB10006;20151005;Rhifer;Rhifer;0.6;0.594;1;Rhifer
HC8005;20150925;Rhihip;Rhihip;0.6;0.594;1;Rhihip
HB4008;20151008;Eptser;Eptser;0.6;0.596;1;Eptser
HB9001;20150909;Myomys;Myosp;0.6;0.596;1;Myosp
TEB253;20150918;Nycnoc;Nycnoc;0.6;0.596;1;Nycnoc
EC1003;20150913;Nycnoc;Nycnoc;0.6;0.596;1;Nycnoc
EC1003;20150913;Nycnoc;Nycnoc;0.6;0.596;1;Nycnoc
EB258;20151008;Pipnat;Pipnat;0.6;0.596;0;Pipkuh
HB8006;20151005;Pipnat;Pipnat;0.6;0.596;1;Pipnat
EB258;20151008;Pipnat;Pipnat;0.6;0.596;1;Pipnat
TEB254;20150923;Pleaus;Plesp;0.6;0.596;1;Plesp
HB9006;20151005;Rhifer;Rhifer;0.6;0.596;1;Rhifer
HB6001;20150907;Rhifer;Rhifer;0.6;0.596;1;Rhifer
HC8005;20150925;Rhihip;Rhihip;0.6;0.596;1;Rhihip
HC4006;20150918;Barbar;Barbar;0.6;0.598;1;Barbar
HC10002;20150924;Eptser;Eptser;0.6;0.598;1;Eptser
HB8003;20150922;Myomys;Myosp;0.6;0.598;1;Myosp
TEC1002;20150909;Pipnat;Pipnat;0.6;0.598;0;Pipkuh
HC7003;20150917;Pippip;Pippip;0.6;0.598;1;Pippip
HC8001;20150914;Pippip;Pippip;0.6;0.598;1;Pippip
TEB253;20150919;Pleaus;Plesp;0.6;0.598;1;Plesp
HB256;20151009;Rhifer;Rhifer;0.6;0.598;1;Rhifer
HA8002;20150922;Barbar;Barbar;0.6;0.6;1;Barbar
HC8001;20150914;Myomys;Myosp;0.6;0.6;1;Myosp
EB258;20151008;Pipkuh;Pipkuh;0.6;0.6;1;Pipkuh
HC3003;20150914;Pippip;Pippip;0.6;0.6;1;Pippip
HC3002;20150913;Pleaus;Plesp;0.6;0.6;1;Plesp
HB505;20150923;Barbar;Barbar;0.7;0.602;1;Barbar
TEA251;20150921;Eptser;Eptser;0.7;0.602;1;Eptser
HC4009;20150926;Rhihip;Rhihip;0.7;0.602;1;Rhihip
HB9002;20150919;Eptser;Eptser;0.7;0.604;1;Eptser
TEB258;20151008;Eptser;Eptser;0.7;0.604;1;Eptser
HC5007;20151005;Pippip;Pippip;0.7;0.604;1;Pippip
EB252;20150909;Eptser;Eptser;0.7;0.606;1;Eptser
HA10002;20150922;Nyclei;Nyclei;0.7;0.606;1;Nyclei
HB9002;20150918;Nyclei;Nyclei;0.7;0.606;1;Nyclei
HB3004;20150919;Rhifer;Rhifer;0.7;0.606;1;Rhifer
HA8003;20151007;Barbar;Barbar;0.7;0.608;1;Barbar
HA8001;20150922;Eptser;Eptser;0.7;0.608;1;Eptser
TEB258;20151008;Eptser;Eptser;0.7;0.608;1;Eptser
HB251;20150908;Myomys;Myosp;0.7;0.608;1;Myosp
HC9007;20150927;Myomys;Myosp;0.7;0.608;1;Myosp
EA251;20150921;Pipkuh;Pipkuh;0.7;0.608;1;Pipkuh
EB258;20151008;Pipnat;Pipnat;0.7;0.608;0;Pipkuh
HC8001;20150914;Pleaus;Plesp;0.7;0.608;1;Plesp
HB6003;20150912;Pleaus;Plesp;0.7;0.608;1;Plesp
TEB258;20151008;Eptser;Eptser;0.7;0.61;1;Eptser
HA4001;20150922;Nycnoc;Nycnoc;0.7;0.61;1;Nycnoc
HC2005;20150917;Pipkuh;Pipkuh;0.7;0.61;1;Pipkuh
HB5008;20151006;Pippip;Pippip;0.7;0.61;1;Pippip
HB3004;20150919;Pleaus;Plesp;0.7;0.61;1;Plesp
HB4001;20150907;Pipkuh;Pipkuh;0.7;0.612;1;Pipkuh
HB10003;20150929;Pipnat;Pipnat;0.7;0.612;1;Pipnat
HA7001;20150921;Pleaus;Plesp;0.7;0.612;1;Plesp
HC503;20150925;Rhihip;Rhihip;0.7;0.612;1;Rhihip
HB4002;20150908;Eptser;Eptser;0.7;0.614;1;Eptser
TEB506;20151008;Eptser;Eptser;0.7;0.614;1;Eptser
TEB258;20151008;Nycnoc;Nycnoc;0.7;0.614;1;Nycnoc
HC251;20150924;Pipkuh;Pipkuh;0.7;0.614;1;Pipkuh
HC2002;20150912;Pippip;Pippip;0.7;0.614;1;Pippip
HA6003;20151006;Barbar;Barbar;0.7;0.616;1;Barbar
HB7001;20150908;Myomys;Myosp;0.7;0.616;1;Myosp
HC8001;20150914;Myomys;Myosp;0.7;0.616;1;Myosp
HB6008;20151008;Nycnoc;Nycnoc;0.7;0.616;1;Nycnoc
EB252;20150909;Pipkuh;Pipkuh;0.7;0.616;1;Pipkuh
HB504;20150918;Pipnat;Pipnat;0.7;0.616;1;Pipnat
HC5001;20150909;Rhihip;Rhihip;0.7;0.616;1;Rhihip
HC4009;20150925;Rhihip;Rhihip;0.7;0.616;1;Rhihip
HA3001;20150922;Nycnoc;Nycnoc;0.7;0.618;1;Nycnoc
EB501;20150912;Nycnoc;Nycnoc;0.7;0.618;1;Nycnoc
HB504;20150918;Barbar;Barbar;0.7;0.62;1;Barbar
TEB253;20150918;Nyclei;Nyclei;0.7;0.62;1;Nyclei
EB259;20151008;Pipnat;Pipnat;0.7;0.62;0;Pipkuh
HB2003;20150912;Pipnat;Pipnat;0.7;0.62;1;Pipnat
HC10008;20150928;Pippip;Pippip;0.7;0.62;1;Pippip
HC1002;20150909;Pippip;Pippip;0.7;0.62;1;Pippip
HA6003;20151007;Rhihip;Rhihip;0.7;0.62;1;Rhihip
HA4002;20151007;Rhihip;Rhihip;0.7;0.62;1;Rhihip
HC40010;20150928;Barbar;Barbar;0.7;0.622;1;Barbar
TEA251;20150921;Eptser;Eptser;0.7;0.622;1;Eptser
TEB258;20151008;Nycnoc;Nycnoc;0.7;0.622;1;Nycnoc
HB8006;20151006;Pippip;Pippip;0.7;0.622;1;Pippip
TEC252;20150924;Pleaus;Plesp;0.7;0.622;1;Plesp
HB10002;20150923;Barbar;Barbar;0.7;0.624;1;Barbar
TEB258;20151008;Eptser;Eptser;0.7;0.624;1;Eptser
HC2005;20150917;Pipkuh;Pipkuh;0.7;0.624;1;Pipkuh
EC1003;20150913;Pipkuh;Pipkuh;0.7;0.624;1;Pipkuh
HC8001;20150913;Pippip;Pippip;0.7;0.624;1;Pippip
HC10005;20150926;Rhihip;Rhihip;0.7;0.624;1;Rhihip
HB8005;20151002;Barbar;Barbar;0.7;0.626;1;Barbar
HC40010;20150928;Barbar;Barbar;0.7;0.626;1;Barbar
HB9001;20150909;Myomys;Myosp;0.7;0.626;1;Myosp
HB1008;20151008;Pipnat;Pipnat;0.7;0.626;1;Pipnat
HB3006;20151002;Pippip;Pippip;0.7;0.626;1;Pippip
TEB259;20151009;Pleaus;Plesp;0.7;0.626;1;Plesp
HB9002;20150918;Eptser;Eptser;0.7;0.628;1;Eptser
TEB258;20151008;Eptser;Eptser;0.7;0.628;1;Eptser
HB9001;20150909;Myomys;Myosp;0.7;0.628;1;Myosp
HB10002;20150924;Myomys;Myosp;0.7;0.628;1;Myosp
HC5001;20150909;Nyclei;Nyclei;0.7;0.628;1;Nyclei
HC6001;20150913;Nycnoc;Nycnoc;0.7;0.628;1;Nycnoc
EA253;20151006;Pippip;Pippip;0.7;0.628;1;Pippip
HC6003;20150918;Pleaus;Plesp;0.7;0.628;1;Plesp
HC8001;20150914;Pleaus;Plesp;0.7;0.628;1;Plesp
HB509;20151005;Rhihip;Rhihip;0.7;0.628;1;Rhihip
HC509;20151005;Pipkuh;Pipkuh;0.7;0.63;1;Pipkuh
HC5006;20150928;Pipkuh;Pipkuh;0.7;0.63;1;Pipkuh
HC251;20150925;Pippip;Pippip;0.7;0.63;1;Pippip
HB8001;20150919;Myomys;Myosp;0.7;0.632;1;Myosp
EC1006;20150913;Nyclei;Nyclei;0.7;0.632;1;Nyclei
HB10001;20150918;Pipkuh;Pipkuh;0.7;0.632;1;Pipkuh
TEC3005;20150928;Pleaus;Plesp;0.7;0.632;1;Plesp
HC10001;20150924;Rhihip;Rhihip;0.7;0.632;1;Rhihip
HB9002;20150918;Eptser;Eptser;0.7;0.634;1;Eptser
HC253;20150926;Pipkuh;Pipkuh;0.7;0.634;1;Pipkuh
HB504;20150918;Pipnat;Pipnat;0.7;0.634;0;Pipkuh
HC509;20151005;Pipnat;Pipnat;0.7;0.634;0;Pippip
TEB259;20151008;Pleaus;Plesp;0.7;0.634;1;Plesp
HB3005;20150929;Barbar;Barbar;0.7;0.636;1;Barbar
TEB258;20151008;Eptser;Eptser;0.7;0.636;1;Eptser
HB3004;20150919;Myomys;Myosp;0.7;0.636;1;Myosp
HC8005;20150925;Myomys;Myosp;0.7;0.636;1;Myosp
EC1003;20150913;Nycnoc;Nycnoc;0.7;0.636;1;Nycnoc
HC5007;20151005;Pippip;Pippip;0.7;0.636;1;Pippip
HB6004;20150919;Barbar;Barbar;0.7;0.638;1;Barbar
TEB2001;20150908;Nyclei;Nyclei;0.7;0.638;1;Nyclei
TEB258;20151008;Nycnoc;Nycnoc;0.7;0.638;1;Nycnoc
HB4001;20150907;Pipkuh;Pipkuh;0.7;0.638;1;Pipkuh
EB259;20151008;Pipkuh;Pipkuh;0.7;0.638;1;Pipkuh
HC504;20150926;Pleaus;Plesp;0.7;0.638;1;Plesp
HC252;20150924;Barbar;Barbar;0.7;0.64;1;Barbar
HC3009;20151005;Pippip;Pippip;0.7;0.64;1;Pippip
HC8001;20150914;Myomys;Myosp;0.7;0.642;1;Myosp
TEA1001;20150922;Nyclei;Nyclei;0.7;0.642;1;Nyclei
TEB258;20151008;Nycnoc;Nycnoc;0.7;0.642;1;Nycnoc
HB8003;20150922;Barbar;Barbar;0.7;0.644;1;Barbar
HC6004;20150927;Barbar;Barbar;0.7;0.644;1;Barbar
HC8001;20150914;Myomys;Myosp;0.7;0.644;1;Myosp
HB9006;20151005;Rhihip;Rhihip;0.7;0.644;1;Rhihip
TEB258;20151008;Eptser;Eptser;0.7;0.646;1;Eptser
EB506;20151008;Pipnat;Pipnat;0.7;0.646;0;Pipkuh
EB259;20151008;Pipnat;Pipnat;0.7;0.646;0;Pipkuh
HB10001;20150918;Pipnat;Pipnat;0.7;0.646;1;Pipnat
HB9002;20150918;Pippip;Pippip;0.7;0.646;1;Pippip
HC10009;20151005;Rhihip;Rhihip;0.7;0.646;1;Rhihip
HC40010;20150928;Barbar;Barbar;0.7;0.648;1;Barbar
HC20010;20151005;Pipnat;Pipnat;0.7;0.648;0;Pippip
HB8001;20150919;Barbar;Barbar;0.7;0.65;1;Barbar
HC4009;20150926;Rhihip;Rhihip;0.7;0.65;1;Rhihip
EB501;20150912;Eptser;Eptser;0.7;0.652;1;Eptser
HB4003;20150913;Myomys;Myosp;0.7;0.652;1;Myosp
HC10005;20150926;Rhihip;Rhihip;0.7;0.652;1;Rhihip
HA5001;20150921;Myomys;Myosp;0.7;0.654;1;Myosp
HB6008;20151009;Myomys;Myosp;0.7;0.654;1;Myosp
EC1003;20150913;Nycnoc;Nycnoc;0.7;0.654;1;Nycnoc
HB10003;20150929;Pipkuh;Pipkuh;0.7;0.654;1;Pipkuh
HA8001;20150921;Pleaus;Plesp;0.7;0.654;1;Plesp
EA501;20150921;Pleaus;Plesp;0.7;0.654;1;Plesp
HC1001;20150909;Pleaus;Plesp;0.7;0.654;1;Plesp
HB8003;20150922;Rhihip;Rhihip;0.7;0.654;1;Rhihip
HB7004;20150930;Barbar;Barbar;0.7;0.656;1;Barbar
HB8003;20150922;Pleaus;Plesp;0.7;0.656;1;Plesp
HA4002;20151007;Rhihip;Rhihip;0.7;0.656;1;Rhihip
TEB252;20150909;Rhihip;Rhihip;0.7;0.656;1;Rhihip
HC8007;20150929;Barbar;Barbar;0.7;0.658;1;Barbar
HB506;20150929;Barbar;Barbar;0.7;0.658;1;Barbar
HB9002;20150918;Eptser;Eptser;0.7;0.658;1;Eptser
HB5003;20150919;Pleaus;Plesp;0.7;0.658;1;Plesp
TEB258;20151008;Eptser;Eptser;0.7;0.66;1;Eptser
HC1004;20150914;Pipkuh;Pipkuh;0.7;0.66;1;Pipkuh
EB259;20151008;Pipkuh;Pipkuh;0.7;0.66;1;Pipkuh
EB258;20151008;Pipnat;Pipnat;0.7;0.66;0;Pipkuh
EB1003;20150924;Pippip;Pippip;0.7;0.66;1;Pippip
HA6001;20150922;Pleaus;Plesp;0.7;0.66;1;Plesp
HB3004;20150919;Rhifer;Rhifer;0.7;0.66;1;Rhifer
HC4009;20150926;Rhihip;Rhihip;0.7;0.66;1;Rhihip
HC1001;20150909;Barbar;Barbar;0.7;0.662;1;Barbar
HC8006;20150927;Pipkuh;Pipkuh;0.7;0.662;1;Pipkuh
HC4006;20150918;Rhifer;Rhifer;0.7;0.662;1;Rhifer
HB1003;20150908;Eptser;Eptser;0.7;0.664;1;Eptser
HC251;20150924;Pipkuh;Pipkuh;0.7;0.664;1;Pipkuh
HC251;20150924;Pipkuh;Pipkuh;0.7;0.664;1;Pipkuh
HB257;20151008;Pipnat;Pipnat;0.7;0.664;0;Pipkuh
HC7007;20150929;Pipnat;Pipnat;0.7;0.664;1;Pipnat
HC10008;20150929;Pippip;Pippip;0.7;0.664;1;Pippip
HA6003;20151007;Rhihip;Rhihip;0.7;0.664;1;Rhihip
EB1003;20150925;Nyclei;Nyclei;0.7;0.666;1;Nyclei
EB259;20151008;Pipnat;Pipnat;0.7;0.666;0;Pipkuh
HA5001;20150922;Pipnat;Pipnat;0.7;0.666;1;Pipnat
HC8001;20150914;Myomys;Myosp;0.7;0.668;1;Myosp
HB10007;20151009;Myomys;Myosp;0.7;0.668;1;Myosp
EB1003;20150925;Nyclei;Nyclei;0.7;0.668;1;Nyclei
HB1001;20150907;Pipkuh;Pipkuh;0.7;0.668;1;Pipkuh
TEB506;20151008;Pipkuh;Pipkuh;0.7;0.668;0;Pipnat
HC6007;20151005;Pipnat;Pipnat;0.7;0.668;1;Pipnat
EB506;20151008;Pipnat;Pipnat;0.7;0.668;0;Pippip
TEC252;20150924;Eptser;Eptser;0.7;0.67;1;Eptser
HC8005;20150926;Myonat;Myosp;0.7;0.67;1;Myosp
HC251;20150924;Pipkuh;Pipkuh;0.7;0.67;1;Pipkuh
HB8003;20150921;Pippip;Pippip;0.7;0.67;1;Pippip
HA5002;20150922;Pippip;Pippip;0.7;0.67;1;Pippip
TEB254;20150923;Barbar;Barbar;0.7;0.672;1;Barbar
TEA251;20150921;Eptser;Eptser;0.7;0.672;1;Eptser
HB256;20151008;Pipnat;Pipnat;0.7;0.672;1;Pipnat
HB4001;20150908;Pipkuh;Pipkuh;0.7;0.674;1;Pipkuh
EB506;20151008;Pipnat;Pipnat;0.7;0.674;0;Pipkuh
EB506;20151008;Pipnat;Pipnat;0.7;0.674;0;Pipkuh
HC3002;20150914;Pleaus;Plesp;0.7;0.674;1;Plesp
HB1002;20150909;Rhihip;Rhihip;0.7;0.674;1;Rhihip
TEA251;20150921;Eptser;Eptser;0.7;0.676;1;Eptser
HC8001;20150914;Myomys;Myosp;0.7;0.676;1;Myosp
HC10004;20150926;Pippip;Pippip;0.7;0.676;1;Pippip
HC502;20150917;Pleaus;Plesp;0.7;0.676;1;Plesp
TEB253;20150918;Pleaus;Plesp;0.7;0.676;1;Plesp
TEB501;20150913;Rhifer;Rhifer;0.7;0.676;1;Rhifer
HC6002;20150917;Nycnoc;Nycnoc;0.7;0.678;1;Nycnoc
TEB258;20151008;Nycnoc;Nycnoc;0.7;0.678;1;Nycnoc
HC509;20151005;Pippip;Pippip;0.7;0.678;1;Pippip
TEB253;20150918;Pleaus;Plesp;0.7;0.678;1;Plesp
HC2002;20150913;Pleaus;Plesp;0.7;0.678;1;Plesp
HB9006;20151005;Rhihip;Rhihip;0.7;0.682;1;Rhihip
HB4001;20150908;Pipkuh;Pipkuh;0.7;0.684;1;Pipkuh
HB5008;20151005;Pipnat;Pipnat;0.7;0.684;0;Pipkuh
EB506;20151008;Pipnat;Pipnat;0.7;0.684;0;Pipkuh
HC8005;20150925;Rhihip;Rhihip;0.7;0.684;1;Rhihip
HB5002;20150909;Myomys;Myosp;0.7;0.686;1;Myosp
HC10008;20150929;Pippip;Pippip;0.7;0.686;1;Pippip
HB9001;20150909;Myomys;Myosp;0.7;0.688;1;Myosp
TEB502;20150919;Nycnoc;Nycnoc;0.7;0.688;1;Nycnoc
HC1005;20150914;Pipkuh;Pipkuh;0.7;0.688;1;Pipkuh
HB5002;20150908;Pleaus;Plesp;0.7;0.688;1;Plesp
HC8005;20150925;Rhihip;Rhihip;0.7;0.688;1;Rhihip
HB9004;20151001;Barbar;Barbar;0.7;0.69;1;Barbar
HC4006;20150918;Barbar;Barbar;0.7;0.69;1;Barbar
HC3002;20150914;Myomys;Myosp;0.7;0.69;1;Myosp
HB3004;20150919;Pipnat;Pipnat;0.7;0.69;1;Pipnat
HB8001;20150919;Pippip;Pippip;0.7;0.69;1;Pippip
HB6001;20150908;Barbar;Barbar;0.7;0.692;1;Barbar
HB3002;20150909;Myomys;Myosp;0.7;0.692;1;Myosp
HC8001;20150914;Myomys;Myosp;0.7;0.692;1;Myosp
HA502;20151007;Rhihip;Rhihip;0.7;0.692;1;Rhihip
HC504;20150926;Rhihip;Rhihip;0.7;0.692;1;Rhihip
TEB258;20151008;Eptser;Eptser;0.7;0.694;1;Eptser
HC4007;20150918;Myonat;Myosp;0.7;0.694;1;Myosp
HA7001;20150922;Pleaus;Plesp;0.7;0.694;1;Plesp
HC4009;20150926;Rhihip;Rhihip;0.7;0.694;1;Rhihip
HB4002;20150908;Eptser;Eptser;0.7;0.696;1;Eptser
TEB258;20151008;Nycnoc;Nycnoc;0.7;0.696;1;Nycnoc
HC10008;20150928;Pippip;Pippip;0.7;0.696;1;Pippip
HB9001;20150908;Pippip;Pippip;0.7;0.696;1;Pippip
TEB501;20150913;Rhifer;Rhifer;0.7;0.696;1;Rhifer
HB251;20150908;Barbar;Barbar;0.7;0.698;1;Barbar
HB2003;20150913;Barbar;Barbar;0.7;0.698;1;Barbar
HB257;20151008;Pippip;Pippip;0.7;0.698;1;Pippip
HB4002;20150908;Rhihip;Rhihip;0.7;0.698;1;Rhihip
TEC1002;20150909;Nycnoc;Nycnoc;0.7;0.7;1;Nycnoc
HB5008;20151006;Pippip;Pippip;0.7;0.7;1;Pippip
EC1006;20150914;Pleaus;Plesp;0.7;0.7;1;Plesp
HC8001;20150914;Myomys;Myosp;0.8;0.702;1;Myosp
EB259;20151008;Pipnat;Pipnat;0.8;0.702;0;Pipkuh
HB6008;20151008;Pippip;Pippip;0.8;0.702;1;Pippip
HC1006;20150917;Pleaus;Plesp;0.8;0.702;1;Plesp
HC7002;20150917;Pleaus;Plesp;0.8;0.702;1;Plesp
TEB253;20150919;Pleaus;Plesp;0.8;0.702;1;Plesp
HC2009;20150927;Rhihip;Rhihip;0.8;0.702;1;Rhihip
HC251;20150924;Rhihip;Rhihip;0.8;0.702;1;Rhihip
EC505;20150925;Rhihip;Rhihip;0.8;0.702;1;Rhihip
HC8005;20150925;Rhihip;Rhihip;0.8;0.702;1;Rhihip
HB4002;20150908;Eptser;Eptser;0.8;0.704;1;Eptser
TEB253;20150918;Nycnoc;Nycnoc;0.8;0.704;1;Nycnoc
EB506;20151008;Pipnat;Pipnat;0.8;0.704;0;Pipkuh
HB6008;20151009;Rhifer;Rhifer;0.8;0.704;1;Rhifer
HB6008;20151009;Rhifer;Rhifer;0.8;0.704;1;Rhifer
HA4002;20151007;Rhihip;Rhihip;0.8;0.704;1;Rhihip
HC10008;20150928;Pippip;Pippip;0.8;0.706;1;Pippip
HA9002;20151007;Pippip;Pippip;0.8;0.706;1;Pippip
HB6008;20151009;Pippip;Pippip;0.8;0.706;1;Pippip
HB4003;20150913;Pleaus;Plesp;0.8;0.706;1;Plesp
HB10005;20151002;Barbar;Barbar;0.8;0.708;1;Barbar
HC8001;20150914;Myomys;Myosp;0.8;0.708;1;Myosp
EB506;20151008;Pipnat;Pipnat;0.8;0.708;0;Pipkuh
HC2008;20150926;Pipnat;Pipnat;0.8;0.708;1;Pipnat
HA7001;20150921;Pleaus;Plesp;0.8;0.708;1;Plesp
HA6003;20151007;Rhihip;Rhihip;0.8;0.708;1;Rhihip
HC7003;20150917;Barbar;Barbar;0.8;0.71;1;Barbar
HC8001;20150914;Barbar;Barbar;0.8;0.71;1;Barbar
TEB258;20151008;Eptser;Eptser;0.8;0.71;1;Eptser
HB256;20151009;Myomys;Myosp;0.8;0.71;1;Myosp
EB506;20151008;Pipnat;Pipnat;0.8;0.71;0;Pipkuh
EB506;20151008;Pipnat;Pipnat;0.8;0.71;1;Pipnat
TEB501;20150913;Rhifer;Rhifer;0.8;0.71;1;Rhifer
TEB501;20150913;Rhifer;Rhifer;0.8;0.71;1;Rhifer
HC504;20150926;Rhihip;Rhihip;0.8;0.71;1;Rhihip
HC503;20150926;Rhihip;Rhihip;0.8;0.71;1;Rhihip
HC6006;20150929;Barbar;Barbar;0.8;0.712;1;Barbar
HA8003;20151007;Barbar;Barbar;0.8;0.712;1;Barbar
HB9001;20150909;Myomys;Myosp;0.8;0.712;1;Myosp
EB506;20151008;Pipnat;Pipnat;0.8;0.712;0;Pipkuh
TEB1003;20150925;Pipnat;Pipnat;0.8;0.712;1;Pipnat
HC10005;20150926;Pippip;Pippip;0.8;0.712;1;Pippip
HB9006;20151005;Pleaus;Plesp;0.8;0.712;1;Plesp
HB7003;20150924;Pleaus;Plesp;0.8;0.712;1;Plesp
HB2004;20150918;Eptser;Eptser;0.8;0.714;1;Eptser
TEB258;20151008;Eptser;Eptser;0.8;0.714;1;Eptser
HC5005;20150927;Myonat;Myosp;0.8;0.714;1;Myosp
HB9006;20151005;Rhifer;Rhifer;0.8;0.714;1;Rhifer
TEB258;20151008;Eptser;Eptser;0.8;0.716;1;Eptser
HB2003;20150913;Myomys;Myosp;0.8;0.716;1;Myosp
HB509;20151005;Pipkuh;Pipkuh;0.8;0.716;1;Pipkuh
HA9002;20151007;Pleaus;Plesp;0.8;0.716;1;Plesp
TEB253;20150918;Barbar;Barbar;0.8;0.718;1;Barbar
TEB258;20151008;Eptser;Eptser;0.8;0.718;1;Eptser
HC3003;20150914;Myomys;Myosp;0.8;0.718;1;Myosp
TEB2003;20150919;Nyclei;Nyclei;0.8;0.718;1;Nyclei
TEC1002;20150909;Nycnoc;Nycnoc;0.8;0.718;1;Nycnoc
TEB501;20150913;Rhifer;Rhifer;0.8;0.718;1;Rhifer
HB7004;20150929;Rhihip;Rhihip;0.8;0.718;1;Rhihip
HB253;20150922;Rhihip;Rhihip;0.8;0.718;1;Rhihip
TEB254;20150924;Barbar;Barbar;0.8;0.72;1;Barbar
HC8001;20150914;Myomys;Myosp;0.8;0.72;1;Myosp
HC8005;20150926;Myonat;Myosp;0.8;0.72;1;Myosp
EB506;20151008;Pipnat;Pipnat;0.8;0.72;1;Pipnat
TEB254;20150923;Pleaus;Plesp;0.8;0.72;1;Plesp
HC9002;20150917;Rhifer;Rhifer;0.8;0.72;1;Rhifer
HC6007;20151005;Rhihip;Rhihip;0.8;0.72;1;Rhihip
HB2004;20150919;Eptser;Eptser;0.8;0.722;1;Eptser
HB4002;20150908;Eptser;Eptser;0.8;0.722;1;Eptser
HC3003;20150913;Eptser;Eptser;0.8;0.722;1;Eptser
HB5002;20150909;Myomys;Myosp;0.8;0.722;1;Myosp
HC8001;20150914;Myomys;Myosp;0.8;0.722;1;Myosp
HC2006;20150917;Nycnoc;Nycnoc;0.8;0.722;1;Nycnoc
HB2007;20150930;Pipkuh;Pipkuh;0.8;0.722;1;Pipkuh
HB8006;20151006;Pippip;Pippip;0.8;0.722;1;Pippip
HC504;20150926;Rhihip;Rhihip;0.8;0.722;1;Rhihip
TEB254;20150923;Barbar;Barbar;0.8;0.724;1;Barbar
TEB2003;20150919;Eptser;Eptser;0.8;0.724;1;Eptser
TEB258;20151008;Eptser;Eptser;0.8;0.724;1;Eptser
HB4001;20150908;Pipkuh;Pipkuh;0.8;0.724;1;Pipkuh
EB506;20151008;Pipnat;Pipnat;0.8;0.724;1;Pipnat
TEC252;20150924;Pipnat;Pipnat;0.8;0.724;0;Pippip
HC7002;20150917;Pleaus;Plesp;0.8;0.724;1;Plesp
HC8005;20150925;Rhihip;Rhihip;0.8;0.724;1;Rhihip
HC6003;20150918;Pipkuh;Pipkuh;0.8;0.726;1;Pipkuh
HB256;20151008;Pipnat;Pipnat;0.8;0.726;1;Pipnat
HA5002;20150922;Pippip;Pippip;0.8;0.726;1;Pippip
HB9006;20151005;Pleaus;Plesp;0.8;0.726;1;Plesp
HC3003;20150913;Eptser;Eptser;0.8;0.728;1;Eptser
HB9001;20150909;Myomys;Myosp;0.8;0.728;1;Myosp
HB1007;20151002;Myonat;Myosp;0.8;0.728;1;Myosp
HC3002;20150914;Rhifer;Rhifer;0.8;0.728;1;Rhifer
HC2001;20150909;Rhihip;Rhihip;0.8;0.728;1;Rhihip
HC8005;20150925;Rhihip;Rhihip;0.8;0.728;1;Rhihip
TEB258;20151008;Eptser;Eptser;0.8;0.73;1;Eptser
HB1003;20150909;Myomys;Myosp;0.8;0.73;1;Myosp
HC8007;20150929;Pipnat;Pipnat;0.8;0.73;1;Pipnat
HB4008;20151008;Pleaus;Plesp;0.8;0.73;1;Plesp
TEB501;20150913;Rhifer;Rhifer;0.8;0.73;1;Rhifer
TEB501;20150913;Rhifer;Rhifer;0.8;0.73;1;Rhifer
HA502;20151007;Rhihip;Rhihip;0.8;0.73;1;Rhihip
EB506;20151008;Pipnat;Pipnat;0.8;0.732;0;Pipkuh
EB506;20151008;Pipnat;Pipnat;0.8;0.732;1;Pipnat
TEB254;20150924;Pippip;Pippip;0.8;0.732;1;Pippip
HC504;20150926;Rhihip;Rhihip;0.8;0.732;1;Rhihip
HB3003;20150909;Barbar;Barbar;0.8;0.734;1;Barbar
TEB502;20150918;Eptser;Eptser;0.8;0.734;1;Eptser
HB4003;20150913;Myomys;Myosp;0.8;0.734;1;Myosp
TEA251;20150922;Pipkuh;Pipkuh;0.8;0.734;1;Pipkuh
HB1008;20151008;Rhifer;Rhifer;0.8;0.734;1;Rhifer
HB1001;20150907;Rhihip;Rhihip;0.8;0.734;1;Rhihip
HC1007;20150924;Eptser;Eptser;0.8;0.736;1;Eptser
HB2003;20150913;Myomys;Myosp;0.8;0.736;1;Myosp
EC506;20150928;Myonat;Myosp;0.8;0.736;1;Myosp
TEB258;20151008;Nycnoc;Nycnoc;0.8;0.736;1;Nycnoc
HC4009;20150925;Rhihip;Rhihip;0.8;0.736;1;Rhihip
HC8005;20150926;Rhihip;Rhihip;0.8;0.736;1;Rhihip
TEB502;20150918;Pipnat;Pipnat;0.8;0.738;1;Pipnat
HA8002;20150922;Barbar;Barbar;0.8;0.74;1;Barbar
HB4003;20150912;Barbar;Barbar;0.8;0.74;1;Barbar
HB6002;20150908;Pipnat;Pipnat;0.8;0.74;0;Pipkuh
TEB254;20150923;Pippip;Pippip;0.8;0.74;1;Pippip
HC9002;20150917;Pleaus;Plesp;0.8;0.74;1;Plesp
HA2001;20150922;Barbar;Barbar;0.8;0.742;1;Barbar
HB8001;20150919;Barbar;Barbar;0.8;0.742;1;Barbar
TEB258;20151008;Eptser;Eptser;0.8;0.742;1;Eptser
HC10008;20150928;Pippip;Pippip;0.8;0.742;1;Pippip
HC9007;20150927;Pippip;Pippip;0.8;0.742;1;Pippip
HB1004;20150923;Pippip;Pippip;0.8;0.742;1;Pippip
HA7001;20150922;Pleaus;Plesp;0.8;0.742;1;Plesp
TEB253;20150919;Pleaus;Plesp;0.8;0.742;1;Plesp
TEB501;20150913;Rhifer;Rhifer;0.8;0.742;1;Rhifer
HC8005;20150926;Rhihip;Rhihip;0.8;0.742;1;Rhihip
HB1008;20151009;Myomys;Myosp;0.8;0.744;1;Myosp
HB4001;20150908;Pipkuh;Pipkuh;0.8;0.744;1;Pipkuh
EC2001;20150912;Pipkuh;Pipkuh;0.8;0.744;1;Pipkuh
EB506;20151008;Pipkuh;Pipkuh;0.8;0.744;1;Pipkuh
HC2005;20150916;Pipkuh;Pipkuh;0.8;0.746;1;Pipkuh
EB2003;20150918;Pipkuh;Pipkuh;0.8;0.746;1;Pipkuh
HB4002;20150908;Rhihip;Rhihip;0.8;0.746;1;Rhihip
HC2009;20150927;Rhihip;Rhihip;0.8;0.746;1;Rhihip
HC504;20150926;Rhihip;Rhihip;0.8;0.746;1;Rhihip
HC8004;20150924;Eptser;Eptser;0.8;0.748;1;Eptser
HC8004;20150924;Eptser;Eptser;0.8;0.748;1;Eptser
TEB259;20151008;Pippip;Pippip;0.8;0.748;0;Pipnat
HB6008;20151009;Rhifer;Rhifer;0.8;0.748;1;Rhifer
EA253;20151007;Rhihip;Rhihip;0.8;0.748;1;Rhihip
HC2001;20150909;Rhihip;Rhihip;0.8;0.748;1;Rhihip
HB5002;20150909;Barbar;Barbar;0.8;0.75;1;Barbar
HB256;20151009;Barbar;Barbar;0.8;0.75;1;Barbar
HC5005;20150927;Myonat;Myosp;0.8;0.75;1;Myosp
HB5003;20150918;Pleaus;Plesp;0.8;0.75;1;Plesp
TEC1007;20150928;Pleaus;Plesp;0.8;0.75;1;Plesp
TEB501;20150913;Rhifer;Rhifer;0.8;0.75;1;Rhifer
HA502;20151007;Rhihip;Rhihip;0.8;0.75;1;Rhihip
HA6003;20151006;Rhihip;Rhihip;0.8;0.75;1;Rhihip
HC4009;20150925;Rhihip;Rhihip;0.8;0.75;1;Rhihip
HC8008;20151004;Barbar;Barbar;0.8;0.752;1;Barbar
HB5002;20150909;Pipkuh;Pipkuh;0.8;0.752;1;Pipkuh
HC504;20150926;Rhihip;Rhihip;0.8;0.752;1;Rhihip
HC503;20150925;Rhihip;Rhihip;0.8;0.752;1;Rhihip
HB10005;20151002;Barbar;Barbar;0.8;0.754;1;Barbar
HB10001;20150918;Myonat;Myosp;0.8;0.754;1;Myosp
HC3005;20150917;Nycnoc;Nycnoc;0.8;0.754;1;Nycnoc
HC253;20150925;Pipkuh;Pipkuh;0.8;0.754;1;Pipkuh
HC503;20150925;Rhihip;Rhihip;0.8;0.754;1;Rhihip
TEC252;20150924;Pipnat;Pipnat;0.8;0.756;0;Pipkuh
TEA501;20150922;Pipnat;Pipnat;0.8;0.756;1;Pipnat
EB506;20151008;Pipnat;Pipnat;0.8;0.756;1;Pipnat
HB1004;20150923;Pippip;Pippip;0.8;0.756;1;Pippip
TEB501;20150912;Rhifer;Rhifer;0.8;0.756;1;Rhifer
HA251;20151007;Rhihip;Rhihip;0.8;0.756;1;Rhihip
HC5001;20150909;Rhihip;Rhihip;0.8;0.756;1;Rhihip
HC2009;20150928;Rhihip;Rhihip;0.8;0.756;1;Rhihip
HA6002;20150923;Myonat;Myosp;0.8;0.758;1;Myosp
HC4001;20150912;Nycnoc;Nycnoc;0.8;0.758;1;Nycnoc
HB8003;20150922;Pipkuh;Pipkuh;0.8;0.758;1;Pipkuh
HC2005;20150917;Pipkuh;Pipkuh;0.8;0.758;1;Pipkuh
HB504;20150919;Pleaus;Plesp;0.8;0.758;1;Plesp
HB2003;20150913;Rhifer;Rhifer;0.8;0.758;1;Rhifer
HB9006;20151005;Rhihip;Rhihip;0.8;0.758;1;Rhihip
HC10009;20151005;Rhihip;Rhihip;0.8;0.758;1;Rhihip
HC3008;20150925;Rhihip;Rhihip;0.8;0.758;1;Rhihip
HB2003;20150912;Barbar;Barbar;0.8;0.76;1;Barbar
TEB258;20151008;Eptser;Eptser;0.8;0.76;1;Eptser
HC252;20150925;Pipnat;Pipnat;0.8;0.76;1;Pipnat
HC10007;20150927;Pippip;Pippip;0.8;0.76;1;Pippip
HB7007;20151008;Pleaus;Plesp;0.8;0.76;1;Plesp
HA6003;20151007;Rhihip;Rhihip;0.8;0.76;1;Rhihip
HC503;20150925;Rhihip;Rhihip;0.8;0.76;1;Rhihip
HB1001;20150907;Pipkuh;Pipkuh;0.8;0.762;1;Pipkuh
HC3003;20150913;Pipkuh;Pipkuh;0.8;0.762;1;Pipkuh
EB506;20151008;Pipkuh;Pipkuh;0.8;0.762;1;Pipkuh
HC253;20150925;Pipkuh;Pipkuh;0.8;0.762;1;Pipkuh
HC1008;20150926;Rhihip;Rhihip;0.8;0.762;1;Rhihip
EB506;20151008;Pipnat;Pipnat;0.8;0.764;1;Pipnat
EB506;20151008;Pipnat;Pipnat;0.8;0.764;1;Pipnat
HC8006;20150928;Rhihip;Rhihip;0.8;0.764;1;Rhihip
HA6003;20151007;Rhihip;Rhihip;0.8;0.766;1;Rhihip
HC5001;20150910;Rhihip;Rhihip;0.8;0.766;1;Rhihip
HC4009;20150925;Rhihip;Rhihip;0.8;0.766;1;Rhihip
HB10002;20150923;Barbar;Barbar;0.8;0.768;1;Barbar
HA8001;20150921;Pippip;Pippip;0.8;0.768;1;Pippip
HB10007;20151009;Pippip;Pippip;0.8;0.768;1;Pippip
HB10001;20150919;Pleaus;Plesp;0.8;0.768;1;Plesp
HC4007;20150918;Rhifer;Rhifer;0.8;0.768;1;Rhifer
HB1001;20150907;Rhihip;Rhihip;0.8;0.768;1;Rhihip
HC8004;20150924;Eptser;Eptser;0.8;0.77;1;Eptser
TEB501;20150913;Rhifer;Rhifer;0.8;0.77;1;Rhifer
HC8005;20150925;Rhihip;Rhihip;0.8;0.77;1;Rhihip
HC6003;20150918;Barbar;Barbar;0.8;0.772;1;Barbar
HC251;20150925;Myonat;Myosp;0.8;0.772;1;Myosp
HC253;20150925;Pipkuh;Pipkuh;0.8;0.772;1;Pipkuh
HB1001;20150907;Pipnat;Pipnat;0.8;0.772;1;Pipnat
TEB254;20150923;Pippip;Pippip;0.8;0.772;1;Pippip
TEB501;20150913;Rhifer;Rhifer;0.8;0.772;1;Rhifer
TEB501;20150913;Rhifer;Rhifer;0.8;0.772;1;Rhifer
HA5001;20150922;Barbar;Barbar;0.8;0.774;1;Barbar
HA5002;20150922;Barbar;Barbar;0.8;0.774;1;Barbar
HB6004;20150919;Barbar;Barbar;0.8;0.774;1;Barbar
EA501;20150922;Myonat;Myosp;0.8;0.774;1;Myosp
HB8003;20150922;Pipkuh;Pipkuh;0.8;0.774;1;Pipkuh
HB4001;20150908;Pipkuh;Pipkuh;0.8;0.776;1;Pipkuh
TEB253;20150919;Pleaus;Plesp;0.8;0.776;1;Plesp
HB9006;20151005;Rhihip;Rhihip;0.8;0.776;1;Rhihip
HC10009;20151004;Rhihip;Rhihip;0.8;0.776;1;Rhihip
HC9002;20150917;Barbar;Barbar;0.8;0.778;1;Barbar
HC8004;20150924;Eptser;Eptser;0.8;0.778;1;Eptser
HC253;20150925;Pipkuh;Pipkuh;0.8;0.778;1;Pipkuh
HB10006;20151006;Pippip;Pippip;0.8;0.778;1;Pippip
HC1008;20150926;Rhihip;Rhihip;0.8;0.778;1;Rhihip
HB8006;20151005;Pippip;Pippip;0.8;0.78;1;Pippip
HC3009;20151004;Pippip;Pippip;0.8;0.78;1;Pippip
HC3002;20150914;Pleaus;Plesp;0.8;0.78;1;Plesp
HB6008;20151009;Rhifer;Rhifer;0.8;0.78;1;Rhifer
EB506;20151008;Pipnat;Pipnat;0.8;0.782;1;Pipnat
HB8005;20151002;Pleaus;Plesp;0.8;0.782;1;Plesp
TEB501;20150913;Rhifer;Rhifer;0.8;0.782;1;Rhifer
HA6003;20151007;Rhihip;Rhihip;0.8;0.782;1;Rhihip
HB8003;20150922;Rhihip;Rhihip;0.8;0.782;1;Rhihip
HA8001;20150921;Pleaus;Plesp;0.8;0.784;1;Plesp
TEB501;20150913;Rhifer;Rhifer;0.8;0.784;1;Rhifer
HA6003;20151007;Rhihip;Rhihip;0.8;0.784;1;Rhihip
HA6003;20151007;Rhihip;Rhihip;0.8;0.784;1;Rhihip
EC2001;20150913;Pipkuh;Pipkuh;0.8;0.786;1;Pipkuh
HB6001;20150907;Rhifer;Rhifer;0.8;0.786;1;Rhifer
HA6003;20151007;Rhihip;Rhihip;0.8;0.786;1;Rhihip
HA9001;20150922;Eptser;Eptser;0.8;0.788;1;Eptser
TEB501;20150913;Rhifer;Rhifer;0.8;0.788;1;Rhifer
HA6003;20151007;Rhihip;Rhihip;0.8;0.788;1;Rhihip
HC5001;20150909;Rhihip;Rhihip;0.8;0.788;1;Rhihip
TEB501;20150913;Rhifer;Rhifer;0.8;0.79;1;Rhifer
HB256;20151009;Rhifer;Rhifer;0.8;0.79;1;Rhifer
HB4002;20150908;Rhihip;Rhihip;0.8;0.79;1;Rhihip
HC2009;20150927;Rhihip;Rhihip;0.8;0.79;1;Rhihip
HC4009;20150925;Rhihip;Rhihip;0.8;0.79;1;Rhihip
HC8004;20150924;Eptser;Eptser;0.8;0.792;1;Eptser
HB4001;20150908;Pipkuh;Pipkuh;0.8;0.792;1;Pipkuh
HC7002;20150917;Pleaus;Plesp;0.8;0.792;1;Plesp
HA251;20151007;Rhihip;Rhihip;0.8;0.792;1;Rhihip
HB9001;20150909;Myomys;Myosp;0.8;0.794;1;Myosp
HC252;20150924;Pipkuh;Pipkuh;0.8;0.794;1;Pipkuh
HC6005;20150928;Pippip;Pippip;0.8;0.794;1;Pippip
HB1007;20151001;Myonat;Myosp;0.8;0.796;1;Myosp
HC251;20150924;Pippip;Pippip;0.8;0.796;1;Pippip
HB3004;20150918;Rhifer;Rhifer;0.8;0.796;1;Rhifer
HB6004;20150919;Barbar;Barbar;0.8;0.798;1;Barbar
HC252;20150924;Eptser;Eptser;0.8;0.798;1;Eptser
HC10001;20150925;Rhihip;Rhihip;0.8;0.798;1;Rhihip
HC3003;20150913;Eptser;Eptser;0.8;0.8;1;Eptser
HC3005;20150917;Nycnoc;Nycnoc;0.8;0.8;1;Nycnoc
HB509;20151005;Pippip;Pippip;0.8;0.8;1;Pippip
HB251;20150907;Pippip;Pippip;0.8;0.8;1;Pippip
HA6003;20151006;Rhihip;Rhihip;0.8;0.8;1;Rhihip
HC8008;20151004;Barbar;Barbar;0.9;0.802;1;Barbar
HC3003;20150914;Eptser;Eptser;0.9;0.802;1;Eptser
TEA501;20150921;Pipnat;Pipnat;0.9;0.802;1;Pipnat
HC1001;20150910;Pleaus;Plesp;0.9;0.802;1;Plesp
HC3003;20150914;Eptser;Eptser;0.9;0.804;1;Eptser
HC251;20150925;Myonat;Myosp;0.9;0.804;1;Myosp
EB253;20150919;Pipkuh;Pipkuh;0.9;0.804;1;Pipkuh
TEB259;20151008;Pipnat;Pipnat;0.9;0.804;1;Pipnat
HC5004;20150917;Pleaus;Plesp;0.9;0.804;1;Plesp
HA10001;20150921;Myonat;Myosp;0.9;0.806;1;Myosp
HC10007;20150927;Pipkuh;Pipkuh;0.9;0.806;1;Pipkuh
EB506;20151008;Pipnat;Pipnat;0.9;0.806;1;Pipnat
HB10005;20151001;Pippip;Pippip;0.9;0.806;1;Pippip
HB256;20151009;Barbar;Barbar;0.9;0.808;1;Barbar
HA10001;20150922;Eptser;Eptser;0.9;0.808;1;Eptser
HB6001;20150907;Eptser;Eptser;0.9;0.808;1;Eptser
HB10005;20151001;Myonat;Myosp;0.9;0.808;1;Myosp
HB509;20151005;Pipkuh;Pipkuh;0.9;0.808;1;Pipkuh
HC2005;20150917;Pipkuh;Pipkuh;0.9;0.808;1;Pipkuh
HC1001;20150909;Pipkuh;Pipkuh;0.9;0.808;1;Pipkuh
HC10007;20150927;Pipkuh;Pipkuh;0.9;0.808;1;Pipkuh
HB10002;20150923;Pipkuh;Pipkuh;0.9;0.808;1;Pipkuh
HB5003;20150919;Pleaus;Plesp;0.9;0.808;1;Plesp
HC10009;20151005;Rhihip;Rhihip;0.9;0.808;1;Rhihip
HA6003;20151007;Rhihip;Rhihip;0.9;0.808;1;Rhihip
HC8004;20150924;Eptser;Eptser;0.9;0.81;1;Eptser
HC3003;20150913;Myomys;Myosp;0.9;0.81;1;Myosp
HB1003;20150908;Pipkuh;Pipkuh;0.9;0.81;1;Pipkuh
HC10007;20150927;Pipkuh;Pipkuh;0.9;0.81;1;Pipkuh
HA5001;20150922;Pleaus;Plesp;0.9;0.81;1;Plesp
HA7001;20150921;Pleaus;Plesp;0.9;0.81;1;Plesp
HB5003;20150919;Pleaus;Plesp;0.9;0.81;1;Plesp
HC8005;20150926;Rhihip;Rhihip;0.9;0.81;1;Rhihip
HB7004;20150929;Barbar;Barbar;0.9;0.812;1;Barbar
HB256;20151009;Myomys;Myosp;0.9;0.812;1;Myosp
HB8003;20150922;Pipkuh;Pipkuh;0.9;0.812;1;Pipkuh
HB1001;20150907;Pipkuh;Pipkuh;0.9;0.812;1;Pipkuh
HB1003;20150908;Pipkuh;Pipkuh;0.9;0.812;1;Pipkuh
EB258;20151008;Pipnat;Pipnat;0.9;0.812;0;Pippip
HC504;20150925;Pipkuh;Pipkuh;0.9;0.814;1;Pipkuh
HB254;20150929;Pipkuh;Pipkuh;0.9;0.816;1;Pipkuh
HC10007;20150927;Pipkuh;Pipkuh;0.9;0.816;1;Pipkuh
HB4008;20151009;Pleaus;Plesp;0.9;0.816;1;Plesp
HB256;20151008;Pleaus;Plesp;0.9;0.816;1;Plesp
HC2009;20150928;Barbar;Barbar;0.9;0.818;1;Barbar
HC7006;20150927;Eptser;Eptser;0.9;0.818;1;Eptser
HC8004;20150924;Eptser;Eptser;0.9;0.818;1;Eptser
HB5004;20150924;Myonat;Myosp;0.9;0.818;1;Myosp
HB6005;20150923;Pipkuh;Pipkuh;0.9;0.818;1;Pipkuh
HB6003;20150913;Rhifer;Rhifer;0.9;0.818;1;Rhifer
HC8003;20150924;Barbar;Barbar;0.9;0.82;1;Barbar
EC3003;20150926;Myonat;Myosp;0.9;0.82;1;Myosp
HB505;20150924;Myonat;Myosp;0.9;0.82;1;Myosp
HC7002;20150917;Pleaus;Plesp;0.9;0.82;1;Plesp
HB6001;20150907;Pleaus;Plesp;0.9;0.82;1;Plesp
EC3003;20150927;Myonat;Myosp;0.9;0.824;1;Myosp
HC1004;20150914;Pipkuh;Pipkuh;0.9;0.824;1;Pipkuh
HB9006;20151005;Pippip;Pippip;0.9;0.824;1;Pippip
HC7002;20150917;Pleaus;Plesp;0.9;0.824;1;Plesp
HB1007;20151001;Barbar;Barbar;0.9;0.826;1;Barbar
HB505;20150923;Barbar;Barbar;0.9;0.826;1;Barbar
HC8004;20150924;Eptser;Eptser;0.9;0.826;1;Eptser
HC1004;20150914;Pipkuh;Pipkuh;0.9;0.826;1;Pipkuh
HB10001;20150918;Pleaus;Plesp;0.9;0.826;1;Plesp
HC3002;20150914;Pleaus;Plesp;0.9;0.828;1;Plesp
HB10002;20150923;Barbar;Barbar;0.9;0.83;1;Barbar
HB10002;20150924;Barbar;Barbar;0.9;0.83;1;Barbar
HB4002;20150909;Eptser;Eptser;0.9;0.83;1;Eptser
HC10002;20150925;Myonat;Myosp;0.9;0.83;1;Myosp
TEA251;20150921;Pipnat;Pipnat;0.9;0.83;1;Pipnat
HC6007;20151005;Pleaus;Plesp;0.9;0.832;1;Plesp
HB5004;20150924;Myonat;Myosp;0.9;0.834;1;Myosp
HC7002;20150917;Pleaus;Plesp;0.9;0.834;1;Plesp
TEB253;20150919;Pipkuh;Pipkuh;0.9;0.836;1;Pipkuh
HB9006;20151006;Pleaus;Plesp;0.9;0.836;1;Plesp
HC4007;20150917;Pleaus;Plesp;0.9;0.836;1;Plesp
HB3004;20150918;Myonat;Myosp;0.9;0.838;1;Myosp
HA2001;20150922;Pippip;Pippip;0.9;0.838;1;Pippip
HB505;20150923;Barbar;Barbar;0.9;0.84;1;Barbar
TEA251;20150922;Pleaus;Plesp;0.9;0.84;1;Plesp
HC8002;20150918;Pleaus;Plesp;0.9;0.84;1;Plesp
HB10002;20150923;Barbar;Barbar;0.9;0.844;1;Barbar
EB506;20151009;Barbar;Barbar;0.9;0.844;1;Barbar
HC8002;20150918;Pleaus;Plesp;0.9;0.844;1;Plesp
HC5005;20150926;Pipkuh;Pipkuh;0.9;0.848;1;Pipkuh
TEB253;20150919;Pleaus;Plesp;0.9;0.848;1;Plesp
HB506;20150930;Barbar;Barbar;0.9;0.85;1;Barbar
HB6005;20150923;Myonat;Myosp;0.9;0.85;1;Myosp
HC1004;20150914;Pipkuh;Pipkuh;0.9;0.85;1;Pipkuh
TEC2001;20150912;Pleaus;Plesp;0.9;0.85;1;Plesp
EC3003;20150927;Myonat;Myosp;0.9;0.852;1;Myosp
HC253;20150925;Pipkuh;Pipkuh;0.9;0.852;1;Pipkuh
HC3003;20150913;Pipkuh;Pipkuh;0.9;0.854;1;Pipkuh
HA5002;20150922;Barbar;Barbar;0.9;0.856;1;Barbar
EC3003;20150927;Myonat;Myosp;0.9;0.856;1;Myosp
HC1001;20150910;Pipkuh;Pipkuh;0.9;0.856;1;Pipkuh
HC6003;20150917;Pleaus;Plesp;0.9;0.856;1;Plesp
HB10006;20151006;Pippip;Pippip;0.9;0.858;1;Pippip
HC10005;20150926;Barbar;Barbar;0.9;0.86;1;Barbar
HB6005;20150924;Barbar;Barbar;0.9;0.86;1;Barbar
HC503;20150925;Barbar;Barbar;0.9;0.86;1;Barbar
HB10005;20151001;Myonat;Myosp;0.9;0.86;1;Myosp
EC3003;20150926;Myonat;Myosp;0.9;0.86;1;Myosp
HB504;20150918;Barbar;Barbar;0.9;0.862;1;Barbar
HB256;20151009;Barbar;Barbar;0.9;0.862;1;Barbar
HB7004;20150930;Barbar;Barbar;0.9;0.864;1;Barbar
HC5003;20150917;Barbar;Barbar;0.9;0.864;1;Barbar
HC1001;20150910;Pipkuh;Pipkuh;0.9;0.866;1;Pipkuh
HC509;20151005;Pippip;Pippip;0.9;0.866;1;Pippip
HB8003;20150922;Pippip;Pippip;0.9;0.866;1;Pippip
HC2005;20150916;Pippip;Pippip;0.9;0.866;1;Pippip
EC3003;20150927;Myonat;Myosp;0.9;0.868;1;Myosp
HB509;20151005;Pippip;Pippip;0.9;0.87;1;Pippip
HC7006;20150927;Pippip;Pippip;0.9;0.87;1;Pippip
HC252;20150925;Pippip;Pippip;0.9;0.87;1;Pippip
EB253;20150919;Myonat;Myosp;0.9;0.872;1;Myosp
EC3003;20150926;Myonat;Myosp;0.9;0.874;1;Myosp
HB10002;20150924;Pippip;Pippip;0.9;0.874;1;Pippip
HC10001;20150924;Pippip;Pippip;0.9;0.874;1;Pippip
HB506;20150930;Barbar;Barbar;0.9;0.876;1;Barbar
HB8006;20151006;Pippip;Pippip;0.9;0.876;1;Pippip
EC3003;20150926;Myonat;Myosp;0.9;0.878;1;Myosp
HB7002;20150924;Pippip;Pippip;0.9;0.878;1;Pippip
HC10007;20150927;Pippip;Pippip;0.9;0.882;1;Pippip
HC6007;20151005;Pippip;Pippip;0.9;0.886;1;Pippip
HB251;20150908;Pippip;Pippip;0.9;0.886;1;Pippip
HC8002;20150918;Pleaus;Plesp;0.9;0.886;1;Plesp
HA4001;20150922;Barbar;Barbar;0.9;0.888;1;Barbar
EC3003;20150927;Myonat;Myosp;0.9;0.888;1;Myosp
HB8003;20150921;Pippip;Pippip;0.9;0.888;1;Pippip
HC7002;20150917;Pleaus;Plesp;0.9;0.888;1;Plesp
HC10004;20150926;Barbar;Barbar;0.9;0.89;1;Barbar
HB9007;20151009;Myonat;Myosp;0.9;0.89;1;Myosp
HB10005;20151001;Myonat;Myosp;0.9;0.892;1;Myosp
HB9006;20151005;Pippip;Pippip;0.9;0.892;1;Pippip
HC252;20150925;Pippip;Pippip;0.9;0.892;1;Pippip
EC1003;20150913;Myonat;Myosp;0.9;0.894;1;Myosp
HB9006;20151006;Pippip;Pippip;0.9;0.896;1;Pippip
HB509;20151006;Pippip;Pippip;0.9;0.896;1;Pippip
HC7003;20150916;Pippip;Pippip;0.9;0.896;1;Pippip
HC9008;20150928;Pippip;Pippip;0.9;0.896;1;Pippip
HB2003;20150912;Barbar;Barbar;0.9;0.898;1;Barbar
HC7003;20150917;Pippip;Pippip;0.9;0.898;1;Pippip
EC3003;20150927;Myonat;Myosp;1;0.902;1;Myosp
HB10002;20150924;Pippip;Pippip;1;0.902;1;Pippip
HC8002;20150917;Pleaus;Plesp;1;0.902;1;Plesp
HC1003;20150913;Pleaus;Plesp;1;0.902;1;Plesp
HB5007;20151002;Barbar;Barbar;1;0.904;1;Barbar
HA9001;20150922;Barbar;Barbar;1;0.904;1;Barbar
HB5004;20150923;Myonat;Myosp;1;0.904;1;Myosp
HC5004;20150917;Pipkuh;Pipkuh;1;0.904;1;Pipkuh
HB9006;20151006;Pippip;Pippip;1;0.904;1;Pippip
HC6007;20151005;Pippip;Pippip;1;0.904;1;Pippip
HB7007;20151008;Pippip;Pippip;1;0.904;1;Pippip
TEB501;20150912;Myonat;Myosp;1;0.906;1;Myosp
EC3003;20150926;Myonat;Myosp;1;0.906;1;Myosp
HB9007;20151009;Myonat;Myosp;1;0.906;1;Myosp
HB4001;20150908;Pippip;Pippip;1;0.906;1;Pippip
HB10001;20150919;Pleaus;Plesp;1;0.906;1;Plesp
HB10005;20151001;Barbar;Barbar;1;0.908;1;Barbar
HB251;20150908;Barbar;Barbar;1;0.908;1;Barbar
HC8003;20150924;Barbar;Barbar;1;0.908;1;Barbar
HC8005;20150925;Barbar;Barbar;1;0.908;1;Barbar
HB8004;20150930;Myonat;Myosp;1;0.908;1;Myosp
HA6002;20150922;Myonat;Myosp;1;0.908;1;Myosp
HB6001;20150907;Myonat;Myosp;1;0.908;1;Myosp
HB505;20150924;Myonat;Myosp;1;0.908;1;Myosp
HB501;20150907;Pipkuh;Pipkuh;1;0.908;1;Pipkuh
HB10006;20151006;Pippip;Pippip;1;0.908;1;Pippip
HC1001;20150910;Pippip;Pippip;1;0.908;1;Pippip
HB10002;20150924;Pippip;Pippip;1;0.908;1;Pippip
HB4007;20151006;Myonat;Myosp;1;0.91;1;Myosp
HB257;20151008;Myonat;Myosp;1;0.91;1;Myosp
HB509;20151005;Pippip;Pippip;1;0.91;1;Pippip
HC40010;20150928;Barbar;Barbar;1;0.912;1;Barbar
HC7002;20150917;Barbar;Barbar;1;0.912;1;Barbar
HC3002;20150913;Barbar;Barbar;1;0.912;1;Barbar
EA252;20150923;Myonat;Myosp;1;0.912;1;Myosp
EC3003;20150927;Myonat;Myosp;1;0.912;1;Myosp
HC1006;20150917;Pippip;Pippip;1;0.912;1;Pippip
HC6002;20150917;Pippip;Pippip;1;0.912;1;Pippip
HB251;20150907;Pippip;Pippip;1;0.912;1;Pippip
HC3003;20150914;Pippip;Pippip;1;0.912;1;Pippip
HB7003;20150923;Pippip;Pippip;1;0.912;1;Pippip
HB10005;20151001;Myonat;Myosp;1;0.914;1;Myosp
HB1007;20151001;Barbar;Barbar;1;0.916;1;Barbar
EA252;20150923;Myonat;Myosp;1;0.916;1;Myosp
EC3003;20150926;Myonat;Myosp;1;0.916;1;Myosp
HB9006;20151006;Pippip;Pippip;1;0.916;1;Pippip
HC1004;20150914;Barbar;Barbar;1;0.918;1;Barbar
HB505;20150923;Barbar;Barbar;1;0.918;1;Barbar
TEB501;20150912;Myonat;Myosp;1;0.918;1;Myosp
EC3003;20150926;Myonat;Myosp;1;0.918;1;Myosp
HB9006;20151005;Pippip;Pippip;1;0.918;1;Pippip
TEC252;20150924;Pippip;Pippip;1;0.918;1;Pippip
HC8002;20150918;Pleaus;Plesp;1;0.918;1;Plesp
HB10002;20150924;Barbar;Barbar;1;0.92;1;Barbar
EC3003;20150926;Myonat;Myosp;1;0.92;1;Myosp
HB5004;20150924;Myonat;Myosp;1;0.92;1;Myosp
HB5004;20150923;Pippip;Pippip;1;0.92;1;Pippip
HB503;20150919;Barbar;Barbar;1;0.922;1;Barbar
HB505;20150923;Barbar;Barbar;1;0.922;1;Barbar
EC3003;20150926;Myonat;Myosp;1;0.922;1;Myosp
HA2001;20150922;Pippip;Pippip;1;0.922;1;Pippip
HC8001;20150913;Pippip;Pippip;1;0.922;1;Pippip
HB502;20150913;Barbar;Barbar;1;0.924;1;Barbar
HC20010;20151005;Pippip;Pippip;1;0.924;1;Pippip
HB5004;20150924;Pippip;Pippip;1;0.924;1;Pippip
HB255;20151001;Barbar;Barbar;1;0.926;1;Barbar
HB5004;20150924;Barbar;Barbar;1;0.928;1;Barbar
HC252;20150924;Pippip;Pippip;1;0.928;1;Pippip
HB505;20150924;Myonat;Myosp;1;0.93;1;Myosp
HC20010;20151005;Pippip;Pippip;1;0.932;1;Pippip
HB6006;20151001;Barbar;Barbar;1;0.934;1;Barbar
HC3002;20150913;Pippip;Pippip;1;0.934;1;Pippip
EC3003;20150926;Myonat;Myosp;1;0.936;1;Myosp
HC10009;20151005;Barbar;Barbar;1;0.938;1;Barbar
HB505;20150923;Barbar;Barbar;1;0.938;1;Barbar
HB9007;20151009;Myonat;Myosp;1;0.938;1;Myosp
HC8008;20151004;Barbar;Barbar;1;0.94;1;Barbar
HC8002;20150918;Barbar;Barbar;1;0.94;1;Barbar
EA252;20150923;Myonat;Myosp;1;0.94;1;Myosp
HC252;20150925;Barbar;Barbar;1;0.942;1;Barbar
HC8008;20151005;Barbar;Barbar;1;0.944;1;Barbar
